userAddress,ethAddress
55372173689c288552885d897d32f5f706f79aa6,55372173689c288552885d897d32f5f706f79aa6
337101def3eeb6f06e071efe02216274507937bb,337101def3eeb6f06e071efe02216274507937bb
62f7418c3ae08379b25a4b32c1f16e0e8758f9b1,62f7418c3ae08379b25a4b32c1f16e0e8758f9b1
39cc9c86e67baf2129b80fe3414c397492ea8026,39cc9c86e67baf2129b80fe3414c397492ea8026
,12955343eb45cc1d0d24aed31037c311cd138ede
21316e6a4f0af45e5f1503984e83b10c53b177d8,21316e6a4f0af45e5f1503984e83b10c53b177d8
5cb16c384444ec1b1bafb9c38f55d51d25eab82b,5cb16c384444ec1b1bafb9c38f55d51d25eab82b
d966b27bcd90ac9028da3c9c8e44d9450f025f1a,d966b27bcd90ac9028da3c9c8e44d9450f025f1a
3d9456ad6463a77bd77123cb4836e463030bfab4,3d9456ad6463a77bd77123cb4836e463030bfab4
dc595e18a3bd1b84cd53588b95377932e02b6899,dc595e18a3bd1b84cd53588b95377932e02b6899
572033a13d2598e0a77bc3aadf73b1730a4420ee,572033a13d2598e0a77bc3aadf73b1730a4420ee
ec6d36a487d85cf562b7b8464ce8dc60637362ac,ec6d36a487d85cf562b7b8464ce8dc60637362ac
06ce30bd0e1520af542cd5f3a80ea2d1083a2888,06ce30bd0e1520af542cd5f3a80ea2d1083a2888
b7734b5c378fd169d2b9720d0d5ac1a7b30f9fc9,b7734b5c378fd169d2b9720d0d5ac1a7b30f9fc9
ced2662fe30d876bef52f219eeac67e2b328effc,ced2662fe30d876bef52f219eeac67e2b328effc
7b90171588e7866b462048598bf923f393846b96,7b90171588e7866b462048598bf923f393846b96
47709726b5bdc4c8c97de43691d93821d5b14103,47709726b5bdc4c8c97de43691d93821d5b14103
7d6105d75c5e6a40791a50a52a92365545e9b112,7d6105d75c5e6a40791a50a52a92365545e9b112
d797d5784f43de300ec0d6bc34fc86023c5d71ce,d797d5784f43de300ec0d6bc34fc86023c5d71ce
5acce70cae148b520ff36dcf177ee78ba54ebc04,5acce70cae148b520ff36dcf177ee78ba54ebc04
da07c2cbf92e488960efd591f75d1cb00e9e64ed,da07c2cbf92e488960efd591f75d1cb00e9e64ed
5fae9d4b591f213b3ba75287f2cfac0883d17f7a,5fae9d4b591f213b3ba75287f2cfac0883d17f7a
f5f067f3e3b32c194e7b36cae95a5fdefb5f7396,f5f067f3e3b32c194e7b36cae95a5fdefb5f7396
1b158330eb18839f50649f4cb8f49954214866a3,1b158330eb18839f50649f4cb8f49954214866a3
49e6f2d934077995cf4b24701fa5ae7f7b5e82e5,49e6f2d934077995cf4b24701fa5ae7f7b5e82e5
fce9262f62f564edb7f2aed998ab3a551b5fb0ab,fce9262f62f564edb7f2aed998ab3a551b5fb0ab
,f0658281cd1eab7fdfd57760379fc0b35e499486
00c26ec65d2d84667212b820bfd25c60b59c60f5,00c26ec65d2d84667212b820bfd25c60b59c60f5
408c76d8e3284338cda7fded97aaf833b7b2480d,408c76d8e3284338cda7fded97aaf833b7b2480d
,d6d6403ded517f2b7ab4fcbdc69b8718cdadb5cb
7e340f8bb5dafa15a16825e2a547ba8c04b297e6,7e340f8bb5dafa15a16825e2a547ba8c04b297e6
215fedd5780c39fbdadb4bc3700de61a8ffdd74a,215fedd5780c39fbdadb4bc3700de61a8ffdd74a
,3c47d2080d156c8ed877a8b53329aa7de73a9e0d
335e19b3f5dcfa2e398ee7d5ff430a1f8ccc88b2,335e19b3f5dcfa2e398ee7d5ff430a1f8ccc88b2
4cc94028024bb109784690d71a4a010241aa6689,4cc94028024bb109784690d71a4a010241aa6689
39c040b50a13894e19dfbb0af47ac9bade9926da,39c040b50a13894e19dfbb0af47ac9bade9926da
,f47cb4ab13e32d4860569990ba554e807390f171
b95f9f4a05e0b029010d624ae43ff7e762a15571,b95f9f4a05e0b029010d624ae43ff7e762a15571
60d38778adbbeeac88f741b833cbb9877228eea0,60d38778adbbeeac88f741b833cbb9877228eea0
0c88aabd56555b3a24b6d12b19513639d2ecce34,0c88aabd56555b3a24b6d12b19513639d2ecce34
5cbb31e39ca93ca13d8e9f686bf749b14076bc65,5cbb31e39ca93ca13d8e9f686bf749b14076bc65
6ddf5e96ca025e8933b6cb9128b64d4dc9d24a3f,6ddf5e96ca025e8933b6cb9128b64d4dc9d24a3f
c72f3a0fedd9df54af271912f283cc0024c14197,c72f3a0fedd9df54af271912f283cc0024c14197
,28ef01b7439e933ff7e17ef140d33f4e38834b76
c047584bc338419600123df4f3bad9328add0042,c047584bc338419600123df4f3bad9328add0042
,9df9bb62bd82b6a1c5c06acd6130b13a86c214a8
085627c26cdc6fa43ad562e0eb636c1cec498493,085627c26cdc6fa43ad562e0eb636c1cec498493
82aa7f697b9bc19f286d286d130405c0850a2e7b,82aa7f697b9bc19f286d286d130405c0850a2e7b
,26ecc2a676b1d0cd2983220706ddbf3ed82334e1
d0c3339848fb597abd46fa650e3e411715f0bfb8,d0c3339848fb597abd46fa650e3e411715f0bfb8
51c3016d6699480ec6becdf2155079c27ebae040,51c3016d6699480ec6becdf2155079c27ebae040
,23162c9b1808cfcde6887452417bbf35a10ddbd8
77350e1152efd5f2d807a6124015c629a907155e,77350e1152efd5f2d807a6124015c629a907155e
,b38d7aa904d9b1698f856d70d9f7b28edac48fbc
6092e258e9b92a91efc72cff718b7f4c084a6553,6092e258e9b92a91efc72cff718b7f4c084a6553
b4f6ae2cca59f0ea3fb2559e32c61df753bb542a,b4f6ae2cca59f0ea3fb2559e32c61df753bb542a
d0c877b474cd51959931a7f70d7a6c60f50cdae7,d0c877b474cd51959931a7f70d7a6c60f50cdae7
f0520845f700796b567cd740876f2e210f2468e5,f0520845f700796b567cd740876f2e210f2468e5
756678bd0d2358d2198511c3adf50502fdf45597,756678bd0d2358d2198511c3adf50502fdf45597
,530cf036ed4fa58f7301a9c788c9806624cefd19
,09cbb9c72568218b5b2b19f5ce7a40ae35544fae
981276d81272f7cd8808701645741db1abacad56,981276d81272f7cd8808701645741db1abacad56
,2eec6edb84b5ede53ea008b0e96a6b374748f5dc
cb5fba4419abc4d7c11af0c24ba0f2e555407f5b,cb5fba4419abc4d7c11af0c24ba0f2e555407f5b
,7fc570d7537e8a301ed7bee8b7a47ab1964592ac
8910ff16c56415a408737812445aaaa78cef1c6b,8910ff16c56415a408737812445aaaa78cef1c6b
7dec37c03ea5ca2c47ad2509be6abaf8c63cdb39,7dec37c03ea5ca2c47ad2509be6abaf8c63cdb39
,853709fc89e0ea314fa25cd583047bdcdbf37852
1cf4d277263024d212c49ae0afb1ac5e8ab04cf4,1cf4d277263024d212c49ae0afb1ac5e8ab04cf4
ceaa12eb3f45cb4d58b0f27512a286afeacaadcc,ceaa12eb3f45cb4d58b0f27512a286afeacaadcc
076e89fe9e24c191ebee53cceec5356600c8d059,076e89fe9e24c191ebee53cceec5356600c8d059
,c98200f2d07cf7566e11981febd83ec723b8906b
16c007ac2139c892ef1cf78cd393ae27a332023e,16c007ac2139c892ef1cf78cd393ae27a332023e
,6c618ddbf53aa9540c279e3670d4d26fb367fd4e
,f30e5874a9cb727521383869002f6600f676c90c
,41a322b28d0ff354040e2cbc676f0320d8c8850d
,388f16be771be7392ae0e11422951620ec4555c3
3950cf9d61851259b0694a0a3800f51658cb920a,3950cf9d61851259b0694a0a3800f51658cb920a
,5b59a2ca79f893dd4e127ea8314244b8da58e98a
ffd95533f08791ae480b997c8124139fc1e8e700,ffd95533f08791ae480b997c8124139fc1e8e700
,e97311f3ec13a9559a5248d8a2b46ef945c3a08c
c791f2d785395e769455ff8bb9fb781a27e81997,c791f2d785395e769455ff8bb9fb781a27e81997
,7b0afbe91cb8f1ac4748decac39e4f8aa214e94a
b8903d33924b10b9cda7fd9505e395f1ae0b8532,b8903d33924b10b9cda7fd9505e395f1ae0b8532
,2a31a0f91ab45f78196e40162ceca712f96e69ae
a636e1a462f612e14adc20cb405d1727a6efca6a,a636e1a462f612e14adc20cb405d1727a6efca6a
79f7c440b359dece7f2a74813a94c36e3aba740e,79f7c440b359dece7f2a74813a94c36e3aba740e
e13d4abee4b304b67c52a56871141cad1b833aa7,e13d4abee4b304b67c52a56871141cad1b833aa7
8e23b400c603e1fd0990b69d7734531f6a0db334,8e23b400c603e1fd0990b69d7734531f6a0db334
c1ccf7456fd640473c383468df2c18a2e3d68ea5,c1ccf7456fd640473c383468df2c18a2e3d68ea5
0320de3378dcde180758ad2d41c0e1c6dcbb441d,0320de3378dcde180758ad2d41c0e1c6dcbb441d
,46144e28a602caa597293ced53ca37cd0e0e4710
7056a5da7d269b31eb2e54e5579e41ef283d7d2c,7056a5da7d269b31eb2e54e5579e41ef283d7d2c
759c5c787e83041722ba6807d92698f41bddd245,759c5c787e83041722ba6807d92698f41bddd245
,8f5d59be91d6fe991ed9118620ff17a807dd05dd
,430716acbe1764792b43e14e2a4cf28ea6f69159
fb1363ec558fc289ba6d4a6c6ba7919cfbb22b14,fb1363ec558fc289ba6d4a6c6ba7919cfbb22b14
,5920f3168e2801c6869fae092489c37ea814505c
19e15a9fe6b97f5e01c697a53fe124d9151c96e4,19e15a9fe6b97f5e01c697a53fe124d9151c96e4
6853a596d6d7264d3622546da3b891b6fe17eb82,6853a596d6d7264d3622546da3b891b6fe17eb82
bc74c3adc2aa6a85bda3eca5b0e235ca08532772,bc74c3adc2aa6a85bda3eca5b0e235ca08532772
,0fd6463bddd9fcff1e341f81625f46963e393224
da5e56e6a41230ed87f39b7c65ede7a8373de403,da5e56e6a41230ed87f39b7c65ede7a8373de403
,0000000000000000000000000000000000000000
860c4604fe1125ea43f81e613e7afb2aa49546aa,860c4604fe1125ea43f81e613e7afb2aa49546aa
,4ece499cc20fb20643481a5c932167c7832d051d
992b737a279f6ce912514addc0337c0c455f7e42,992b737a279f6ce912514addc0337c0c455f7e42
,433ce1178324d9c852d14b744a165214621db886
,95b6cc6bc66d9840391227b8d68f8418a90e1636
,9c5bbb12e75dc4563ce3610532fac221b05f6694
198574b36647b05d925c152471d05aa0d5d3e1c0,198574b36647b05d925c152471d05aa0d5d3e1c0
32cee3fb2ecd101c4b6b6a0ecb5f4c283099a8d2,32cee3fb2ecd101c4b6b6a0ecb5f4c283099a8d2
74b78e98093f5b522a7ebdac3b994641ca7c2b20,74b78e98093f5b522a7ebdac3b994641ca7c2b20
,58263201e8f0f764361f9f33d7ff776a1e750663
7bfacb4b46e613038fbcb1b1d9c3e617aa95615c,7bfacb4b46e613038fbcb1b1d9c3e617aa95615c
11ed11803499660969f9fed2445d4d91da6caa66,11ed11803499660969f9fed2445d4d91da6caa66
,18b133982a0fb3fc452aef7ddb18075c27f9669b
e923d07f58239356d4b1db37e03a22141f4f37c6,e923d07f58239356d4b1db37e03a22141f4f37c6
20a0a36f916c541d6fa625893d2640e5d9495ff6,20a0a36f916c541d6fa625893d2640e5d9495ff6
,9d75bf41e261e4afdd652a7828a05d7fac60406e
89f2420190d752a29671dad303446cdbe8c2193a,89f2420190d752a29671dad303446cdbe8c2193a
,735ac798d51fcd7f824e2509a35a0653b80e3ae0
349fbe6c3bd744342c19c1133e268686d01a650f,349fbe6c3bd744342c19c1133e268686d01a650f
01fa0e0705f475479042c4e8bfa2185553fae99e,01fa0e0705f475479042c4e8bfa2185553fae99e
,e75a4871a161611a880d9a2217dffb4f7e6f6783
37d6140e556d3730e366ae983de4f436addb3b62,37d6140e556d3730e366ae983de4f436addb3b62
,976d676316624025228f525070ad8c5fb0f9dd45
,4954c7be38c25bed8badf8f03618533915569ac7
28119d5c32b9c0080e714fa9a761b81fd88eb4c6,28119d5c32b9c0080e714fa9a761b81fd88eb4c6
,d0693fc7108d1e104bb938f98fe7897b21d75156
,eb15f1179c54bcbb8228f858c852442b1d7952cb
7ea92dbce5387f8ff480fe5d557abd4c7b09054f,7ea92dbce5387f8ff480fe5d557abd4c7b09054f
,9ced77beed0381b5ea7d2ae6b859b77ae0ff0f2d
,a381d7931fc22d6565fed064683fc8c565b74fad
,aa32e63939a6cda6265169f9256dd23df0d9a90c
,ae8b219adaaee69a41dbf5c3cc21e2681afe5ffa
,9dbd1a28de8a1ccaa902a9c79473295dcd46bff2
890dbc463f22c164c192ed0e3accdd99c5494f4f,890dbc463f22c164c192ed0e3accdd99c5494f4f
,77dbca9c5f7ccffc753fcb93f01b6afc15aa73f1
,0d670d3cf94007639d0bd3f9286cea62f6271093
,e86d499d65ab0595b3e610cc48a35489f6b9007f
,3eb44a37fdfeba7059e4d92af9eb6c34aef1094d
,7853f18e9066d5b6f9963abecac357a69bf414ca
,6f348b9fc65436f762e64af719abc78c869bab9b
,4d48c1bd5b04b289a2a99940ce6b46212d575632
,b435bf979e666a2fee83e52d3ebce375a111dd7a
,74c06d5e08542dc98a4dcc40e05d184484348cb0
000dc4e30403fb38c94b32c07f1afd5faaefa445,000dc4e30403fb38c94b32c07f1afd5faaefa445
,864d266e93e2be143d6f224912d35f617bb8ed13
,c44f9f37b79f59381c2c7d86e186bf49eb3aef38
0b715ca8dc39e7f8a480d28d9822ae02f0a57008,0b715ca8dc39e7f8a480d28d9822ae02f0a57008
,0af32c24728dca50277056adc6d22547a172c634
,da9d50e8395a6a69d2903033a383a66cc9fbdec4
,5905cb48847ed6dbd9d76264981fd47cd01c6c01
,07eb1e635671a7f15a570810b9a85b913023f3ec
,98e0aa673710ef9b8a68ac781e0ae0ea275e771c
,a8013c0c07c7af65158b971a4e12884930d9da08
,4558ffd44e0d0cdc6aac42a7f82d2f524f05b640
,b21d1201bff0207039c26b40344738a418d97400
,d1a0b56f9cfa3ddc3bf1760c2bb95460ad53cc68
,2510240c975aafcd5087b517fc7d3e1d779fc29f
,e59435a7723d21ca80ac93453a72db813646d4c2
,9856e6afe031d1a62be10ef9a64a4206187bdc6d
,e719b86207caf17608d1834e22dff6a2aaf7b000
,679c04acbd1ffba3ea50e337504e6f6afb6419c6
,55bb2b442086dce1b09cb847d66927fcf4425387
,829e4445f29e5b24abe4d6aed0b005d0a93ae231
,4b54c32c2f7b8f0bcf1edfab483c2d420d7dd64b
,ca10d57a7cf418d98daeb1707010d25f6e59d028
,dbe3067cbade5afe2348d1cce84d3e3517099e4e
,5b97d2a5fd75c6e6f1c314f6a754bdd16e5a40e7
,12b928e2be5bf6ac760baebde7ac281b2cfad4ef
,b7e4187b381f94abe71b5b3d4b9935bfe3885c86
,6e384f996f0935a0af9fa1a4b72ad431cc1796e2
,84ba8e123f4dd277027a5d573c83418f99fda9cc
,4256fdb00c43adba04e9b6ae5a4b9b3430160dac
,db4db305ac9edc853bec4ee2e0ca2a2c0b50ad03
,36b464cf0ba908ca3bb7fa0d90e9d3399bc20e6b
,ca96436021be7af640b4d6cf0bdb92d47051dc66
,d717d39c844eeb0c138bf0e613c5d044328ef041
,d095b3b94f22c4df42d8f1cc06b96795e7da1cfe
,9ffb768da053ada2ba7d86067cc9bd402411481f
,4f70f6c5ebaeb0ecb7530189d341450befc78524
,bd64f87060cee1f4bd2c6f796c08b6bdd49f1cb5
,ca11b6773e5940482a625daae68accec09d057b7
,baf6eb0370a74abfa29d6875ee04b15ebfc6ee67
,60d469cc6506a89cf11985938d7237245b55a339
,753c16b00724737c67b929eb124c10865c3cf16c
,8b8bd864fcdb4c51856e41ca5377462a81d5804d
,ff032586afe4f899ce6c418f669594397a83e206
,4eea40a43639ecd2164ef0f5f2ffd22ed436a474
,060306207cc8f7d3977a152bd30c0c68f05eda21
,f65ba3e9f3cc4a14cc41bbf12b1b1c755fdd7fc1
,3a43c0b706f47e1078117fa4fd8427eabd0fd97a
,dbecd8de7586ede9931d232bf853ff953304683c
,89ab419da21e953e0d919a619970bff475c9b0b8
,c729849d237b9256d98e27a0ad80772e08f69df7
,4c8a2cae543b968906eb2ce89a16cc3dbb3e7499
,0cb01c75943c4b6768791c6f7e7258c2b600366f
,fb55a68d87ae922d2bdefd17f00be0c3ab50f6d9
,fc1370bf3044a826df6e357cb44c38d6e39ec922
,47c34b35b970c2cbb887142f64980b8d8a39a139
,4f46ba869d14878842beb67841da42c574e2edfe
,aabae22d0105e351f98f2ff3940d19666be65583
,28a37e1b665b449150a8e4fd80073ee64b198c5e
,e480bc38108a97c4e8ed2b6d1471f45ed39ff1cb
,07ecef9a30ad5acab3806f03df327921c2f26d9b
,c89e2a6b10efdb8150722a3339ea90803118c409
,a441405e6f8aadef3191748916bf1a5141319f76
,3b093864bf44d1968abf0d5596e6c27e0cd4ec12
,6410d4bfdc9f91f976fa40e7eecef46ffcaab8dd
,f4860fc2e5df7ff13602d6d76507057d26318349
,ea094a4943a009f24f8f482c5b25f08891aaa79c
,263f2d18b1500af0f421f84f0e6bac748ce3e046
,31059566fefa6a5e29dcd2af6e62dcbf1f7ca024
,23609674eb948f58e2d4a8b9b105d4e5baacec27
,5e53aa95d8caac067b2b07956392c6a6c458cf6b
,c1451447af790cbec909ec69bfb997fb4d75ae4a
,c7d7c0ff4f84c911e16cfc9b181bd521ee08c4d6
,13bb53c95239385b693c76bb9a08f380f27ed852
,f5b783833f7e3c51da0a791f1c82155c30ed8940
,b95012a6da0054147d65b0852af993dd49082c0e
,dd534bb8ecd1c23c5e82be63a0ae3765f1d6dacf
,72c4987ca90d0d1a284c8644d8ed07b7bd2b60a8
,04d0c64d8b303586af5cf6bb37db16bd7b78c43d
,53e90b57de1195e41e06c4c18c5c65b983172e01
,6e9d89f43fc201a92a431eca1c3458a511e93d31
,ab50f4cf44762bac8f905857063efb3e4ef117b2
,f88cb2aea80f1f3e3eb55a6b0ebdcdf7bf08baed
,b2911868d1099e07de8a8ab64d36da8d4cd5faa3
,7745db134f4d3e45d564171212b388db768ae764
,04786e2c6ea170f8365e5d7bfccb7ccfff9a251b
,810177a78e00fbe07ad94886647b4de6f3265781
,6982c076369741c8855e399097dd1ca55d53fe21
,4d4a9c312e41b885e74dd45c18b3c9527c7517b1
,7ac0fede143c914ff0941f31f967a0b843c13cb8
,8a5d5f1b5840f26c1f3fb21bc0b50d949beff0d0
,f19ce783e4fcc995cb40e9796171c32deaaa7049
,8a8699f9f838a803107bcc46eed43cdadc0146c2
,96568dd84b45403179656557050102acbb3a4ba0
,e85b787fc98ef8fa6131e8a1fd1185b2acfcb39d
,9d56f9bd8d270f886547add685ed8dd5b2923507
,2229df5907213e4f55ffd0cd6795f77477606cf1
,ae972c42a681c2ba4df60f679b6def13a970931d
,a6c1473a7186982789c7ef22cc633e5995e27e53
,e3a91781371b32dd78756c9b5811b0d98df3d1c9
,4f964997275eb225e9c789a9ab4720d206cb6493
,6bff4e72b2c3f240226241ad7050eb4c27043701
,2493cf26b5b0d73b3cefa4745b45a3efe9bbe301
,ec0e9fa0ebd67cd30458cbebda85e651b57d3b2c
62048796b46565df3913b02c2dbd8226b0bae2d7,62048796b46565df3913b02c2dbd8226b0bae2d7
,51a0dbcdd1615a6e4e59c219d6f6b3862f2ef23a
,b5780349579deaea355fb96e235f31fc1f4dd0ba
,bcac6507d5370e7179a44a6c0f35db4e3ee969a1
,d5a3ae8989b3f839cb746d5110202d5629bb70ec
d47f334339c46e6b39f021fb404bb0e0b7015b17,d47f334339c46e6b39f021fb404bb0e0b7015b17
,53e43f0944b2f859c684cd19a57de22697cb7687
5dc623b39a44fc195678681571adf9a8f9d97c11,5dc623b39a44fc195678681571adf9a8f9d97c11
234ff6b1fe028fcc7cc9dbc52d0532d9e7ae7f2f,234ff6b1fe028fcc7cc9dbc52d0532d9e7ae7f2f
,a8afa7d4bd35eeaa57c10a7e534e7b4e51b25e29
,22b48d23eb4e0e2db58d023e81f2d55ff896aa7c
,18b8af60cbdd5540938145dd7f0f1f95e3e54bb7
,0b7835a2da854562a2f066e81e23bec4defd6372
,fe79298b549ab52e922e897ed6a033e90020b733
,5c9a31480508aff6b490db1f983e6a02263efded
,2913ba3a203d77725b42ae7f8aa771e19c7e3eb2
,8e87793993c898637777c6ae33128a90bf3abf61
,4d73caa6bc24e8b876d78fa3353b10f1feac8fc9
,8cd40d48dad1e984e2d2a68ca196a90c0b637c08
,d502b8ec5448ed597320f81325e67afb9bf4651d
,664a9d29ac1e671fbe7cacc3916d4df359db8726
,f5bec2b4dfcc2a2be85c144d6f541f7534850b78
,8f558dac0c5d433f1435b5b09ae22b47026bdf04
,c0049dc2e10a7b67439db15519559729507227aa
,a30c6e807b7f2698d79057123f6b9e9650fb1010
,a3a4688a7362124648d42081f66001603240a33f
,5caa850cf693861c7ce33a3ee49b50661fc1f7c1
,7a2ce3fe7c82a3b608a26267cc49123949b1f126
,b5163a36cd79ef8b898ac9c0756d31b6f5a9788a
,905a9fb1443acd571e673f454738a2f6c1fb7d1c
,e7c7029933d1a39f5cf14176441067e1dd29a9ba
,25ca78c6be46c611bcbba9f8fa93cad6b7d7a1c6
,168ed365d6870886b797b1933757a0c1fdbbb0c7
,9eb8c5263319ab931093ec1ea8eb5c03b1a0b34f
,5e092416189dab4a3fc76bbcc16669b5252cd227
,6947d25c94607d034820710949f32f7169e1f0d0
,fd1e37736abaaef355811e61490e1f76ec8051e1
,bc6550de924c8d4c3e31b8ade56f3c907f35f61b
,cbf6d9741d0a698e5de6e941f84dd2e1b166822e
,be4505a10cde6c8379f768cc7df870c953ec049e
,b39b9587712c1e1bc7a4346a4b2f46ce1b564ed9
,af7984f5c5d130f2f095940b1543088e55cb77b0
,90577dbf04d6abe2b574d84463a386dca2174c3a
,911f81c8d56f5a9423bb04898907dd0bed4f52b0
,0e265b17fb564357e4f99eaaa56f43a93ec01130
,8aee0e7635bd4027bae9d08c9c88645599a817d0
,b62527a9baf40e8fc9377bbb7f0ccb9b9c7e140f
,1733f44a8642f0372d5f8881f26ab934ff8b07a7
,2ec1c8d5b30f74309d2c7c4c89ea637bc1931428
,b346c8bcc80a1344f3cc26945edaee52de3d18ab
4ce637ab5c9d19f1bc5fd926bae6ba6da4ebc867,4ce637ab5c9d19f1bc5fd926bae6ba6da4ebc867
,d2339848502cbfe7382e1b1718a3c3177c0cb509
,6aba3d3846f33e6a336471cad6b22365d0534ae2
,15d2a317ab8b36752b7a92dba1dd0bded1d9f19c
e2e43bf195717fb2a1535782c25d030cd74bf460,e2e43bf195717fb2a1535782c25d030cd74bf460
,6ee79a6a814e34faba91ed92c48b70048794c3e4
,dc1d7d47a4987e6ff4129b96d4a83783049fe697
c12f49209485b2483adff04ee3e75619e74179e7,c12f49209485b2483adff04ee3e75619e74179e7
,493d16ce2e51d46db5d446fd62fed8cb1abe3b0c
,bde159c0c35b325ae84fa04970a8a1d8dcfda959
,f72a927d6edaf1f9ce1c6a78ed505422c8cc70b3
,477e791709c11c6dea36a52f4881cdd53319ae91
,8d1559d831176a700ddfa0e90b53eefae88e39b8
,86392e125a547a7963f3d229b4d88c77b3072bef
,f42f466d38c85b0764ae7682599789c04163d328
,b5092b522debba1221e1abd9bb725f1da0977bdf
,4621ef61e93788e19bbd52d39098bd2a7bf950f3
,5e2ffd49454b887e822d9cfc605adc1df9599165
,bba0be21a3fa1a1be65ba60e5a44ca0100622b37
,caeaa18f79410d89ea3652c1b4e89fc0dc3241e9
,248f87ae6c405b7df17705d058cb7f82aacef666
,eff51d409f3d642ac3c906ee5f99c96dae0e2551
,98bf377d3df1b7ba902795f58d292024c097d6e9
,43879e20311d63cf7fadcd43e82050e230ca7d67
,be96d89227190fcb8e4bbf247e629c7da5aa9240
,e203e1cfd3b1816b8ea8e7d892d0129b2ff40a73
,4424adf89e950ba6ed6a50eb0bfdab34013bf8e8
,7890d776a25e15054ad1ba2a8ec256da7c2c4ab2
,c93c9b54564ef782edf2b6c3463707c84ed07cd0
,01605de898a9a52361e48078cdc62a5e43772c76
,6086c204c36ea7c28878c03a8ca5cce18b4438a9
,3bb7e8852534e588209ece774f1582f9629fe6d6
,5a6c9b81d4f2b98b2fbce619fdfc3fe896194d3a
,b718e88b4d9b08de9b0de9c9fadf9162f484d91b
,10f5432c147eed8408fec2e6306a1924380d8890
,ab0a5f51f062a397b9e5caa6e6f6b248d696a758
,e5ac09d676cdeee04fdf228aeb7fe98ab4c5425c
,3599c2e3367392c050ce0f60d24927cf41704d3c
,1b462be58a79a498a1f179952f127e3dd62e4925
,4548d71a337340357a350309b3e99db2cd198652
,e171fee8c4b3a10fe6d8360272d206ccb90255f8
,e09a0900c8fdb9008238f3365433e5d8d57028d0
,c715bd634403cb8430c61433e60689e530149f84
,842aa9de864d415b8997528067950e16b27105c1
,8941f542052a91422b0ee5e8dac005af83d146d6
,0566b62b39ad31a11e7183f8bd9cff83b30b406d
,45253b88b7b402c32e6c2f52459f503bc2449dcf
,c62269fe21b25ccef0ad30031897d7f6a1fa75e2
,be1f72ef46cf1329fcce7ddef5818f1cf621673d
,3373df26f72f4ab115f36c9c44cecd57d239e103
,b1a4df48ebe7274ebf91fa411d11e04c739e0c75
,a63f0ddc7216258006dc892bfd422eddfe297f89
,8c0a2e2ff119b4a644098ab6748ac220942bc96b
,fe5750c124c665d39be47f9284e64f5cfaa9afbc
,a5bd3303cef994f72b9611278fc24ceb9a2852b0
,adbb8c64724fa895bd76b819d9f2117bf08c8e45
,26bdb5f1179f4b36785c0fdacc946fe7f76c34f9
,f265c8a258c2bb2e36e0976107644b3a970fd566
,2aeaaa5fab04383bad4c209cd80eda50f115f811
,cbab24b16b08e3331e00d26e0a103de800a041e1
,acf6a83e18053a9a1a82c94c5a6a6431b87ad0da
,4407839feceeed5a95ef8a3254898128ae8d54c0
,3a4baaa9c8f9b11d521b981976a2c15532568188
,0b1fce2f9f60b594b028785e39de88daf7e9bc70
,f929bcd46bd4bfb030630925f7b3b0ea7e8ade04
,c868f2e73852a98f380e33e6898a8ea49b77e057
,250b95fe6fb535d295518751d50932d73196ba81
,e9ab24006a37391d954d32b3e0ca503ba61b2b20
,6258dba6766f7114dc0bbc8bb236e3efb44da01a
,a2dab4cedf0849568b579895563a57f2f82a717e
,d0adcd99906c55bbc43cb0bac7de42707af220ee
,f4fcbee7ca3db645e0e91239f3bac40f11c7bed6
,624957dd76abc7ec2e3ad3a315104ee93b87b5d9
,1a53d04422c53ce8262467a972b4364963deb998
,3061896e268f8d1df68b7e0db871a59cc78d5ec6
,5a38c80ee05f15ba5699383bd8f850e87065eab5
,fe4edaa35af335b13684fe9ae89763b4aff7c356
,6d571f25f65f0a4d4a84b69f78a522fa0391ef08
,4a1c775be82df7f162354173a0c526f4d3e88eb0
,f7f065027c03195f92957988228fcebaaa6e911a
,b4b1f7ba1be22377198f9232ed508c5460c5f33c
,c9c2d66392a00ca11de69e46d6f7852f5530eb8c
,9144975e2da5e871624bb4eb777718195376bf31
,96c4f441fa1963c9a08a95e83c2b997f51399741
,9869752c140dfd1373edd68e7a8d49e345d4b3ae
,6547f852b55103e8d1546b49202dcfb56d627e79
,15e09361999dd8791ad586036289be7cfd722bc4
,ff59b712fe94785a85b764677d1aed76f532edcc
,11cfea8b498e1c5e0c4c0a7c55470d68dc723f8f
,32fca72c90771421e7630859c328262e0d895aaf
,2941014af729085bc5c0ca282af04763e624809f
,1226c71c4ac863102f71968463b9522b38f7268b
,0adf20b442466c49bf1aa2328b1c59104eef5cce
,0867943da2ec376447170abc364e14af9a584678
,396d207ff1611f82e5a75c809da22d687114171d
,0a3434a1d0e949ff2681b5a4733c29f0fac086f5
,2b4a133ddd34fa5f61640eeb5c65cf20aaf22e80
,0a8da0e6e2377943935eb51295655c1d67bb3732
,2fed92c8791217594ecdeaa7aae198edbc4fce8e
,809bf7f67b49b100bceac5d3c854fc3be7efd9e0
,7313c5db32816303f48f6888a5cf85e8f6ac98a2
,d2f23a08d4e815a820e16b899a37aefec686928c
,f246fdf723e73466aa3d355009768dcd9a82bc8d
4e6772b3d36cd45182cd93926b1de04172be9eaa,4e6772b3d36cd45182cd93926b1de04172be9eaa
7672b17d5eebb7194d57066f86fbcb4e85a7e10e,7672b17d5eebb7194d57066f86fbcb4e85a7e10e
f754bca4657abe7a31d8fd0b382a5682ed579b71,f754bca4657abe7a31d8fd0b382a5682ed579b71
a4ad045d62a493f0ed883b413866448afb13087c,a4ad045d62a493f0ed883b413866448afb13087c
2fcc020f72e5d2edd2a24d04f3dc90d7fdfbd1dd,2fcc020f72e5d2edd2a24d04f3dc90d7fdfbd1dd
6242ab9b1f5f0b8e3186055af07825fdd00ca273,6242ab9b1f5f0b8e3186055af07825fdd00ca273
,d661f846df515598092f01f329a7bb46487987dd
bc62985faabed27a8f174cbd5ea1ee7b1ed8fc12,bc62985faabed27a8f174cbd5ea1ee7b1ed8fc12
2b3ab8e7bb14988616359b78709538b10900ab7d,2b3ab8e7bb14988616359b78709538b10900ab7d
,41baa355e5a3b89f82155c625b34c03e81346fa0
414b46fbd1d189cf22c177c85d13142fc6d9d2f4,414b46fbd1d189cf22c177c85d13142fc6d9d2f4
75d41cdb138c4125f89bef198fd3d865c5e42808,75d41cdb138c4125f89bef198fd3d865c5e42808
89add8c2d24467410e60e2c24aba31b8ab9e05d8,89add8c2d24467410e60e2c24aba31b8ab9e05d8
9e30a1e5e13a2e0f2ed775bbd420fb7cb31ebebe,9e30a1e5e13a2e0f2ed775bbd420fb7cb31ebebe
03da6f9376277b19b4a95a4ea2dabb434fffb3c3,03da6f9376277b19b4a95a4ea2dabb434fffb3c3
ec8c1050b45789f9ee4d09dcc7d64aaf9e233338,ec8c1050b45789f9ee4d09dcc7d64aaf9e233338
2a880a9e4942acf4615c810b934fee7b920e7c6a,2a880a9e4942acf4615c810b934fee7b920e7c6a
4ddc5874dad5c8ba7b7e19a8aefdafb40fd31f85,4ddc5874dad5c8ba7b7e19a8aefdafb40fd31f85
39e494fb02764904a9d89d70a149d19331654e21,39e494fb02764904a9d89d70a149d19331654e21
,b61eac148daab74031e2ba2f0483e9f176d76cc7
9787b715a9ea9ef26be9c03bb49664e357e279c9,9787b715a9ea9ef26be9c03bb49664e357e279c9
,f78108c9bbaf466dd96be41be728fe3220b37119
b3007ff3c3f40bdf0126fec7c8e43c3fc50ea813,b3007ff3c3f40bdf0126fec7c8e43c3fc50ea813
f8b32d30ac6ab3030595432533d7836fd76b078d,f8b32d30ac6ab3030595432533d7836fd76b078d
f051c20b310839871a2e8bc493da55370239c0a2,f051c20b310839871a2e8bc493da55370239c0a2
8c7be1213cb8e0c367012f1ee19cf3378a3ae4bf,8c7be1213cb8e0c367012f1ee19cf3378a3ae4bf
aeb70953077c1eceff54b0c65b2a3c54ed7ea185,aeb70953077c1eceff54b0c65b2a3c54ed7ea185
6fd155b9d52f80e8a73a8a2537268602978486e2,6fd155b9d52f80e8a73a8a2537268602978486e2
053e84e80cfb38d672d53394de3dade1fbbacd25,053e84e80cfb38d672d53394de3dade1fbbacd25
9993d3a6d5a26f1d37220fcb16947a8b16998c9f,9993d3a6d5a26f1d37220fcb16947a8b16998c9f
0da07e67c2ca3a3cfcb58af115e1c0ed64f69f96,0da07e67c2ca3a3cfcb58af115e1c0ed64f69f96
509de581ff7d32b7c38e95122de8b3ca59da9159,509de581ff7d32b7c38e95122de8b3ca59da9159
191bbca32478b3ec3eb58f5569e6a86b8c6d92eb,191bbca32478b3ec3eb58f5569e6a86b8c6d92eb
fa30c7836ca6c0c85bb284880774620d283c3354,fa30c7836ca6c0c85bb284880774620d283c3354
c8c0201ca82694212ae94233fbadb7b9547f83ae,c8c0201ca82694212ae94233fbadb7b9547f83ae
89c010bc7085eb150b66582f13681f9e36904bea,89c010bc7085eb150b66582f13681f9e36904bea
ae04070d8d10b235a87341a5943ce9d9c94232b6,ae04070d8d10b235a87341a5943ce9d9c94232b6
ab3627317c43d394eb171170f818153b976d28a3,ab3627317c43d394eb171170f818153b976d28a3
ac75b73394c329376c214663d92156afa864a77f,ac75b73394c329376c214663d92156afa864a77f
64c913639c3ed8983d8f3da487a3ca530e51e694,64c913639c3ed8983d8f3da487a3ca530e51e694
f2939a3fda65f0c4803b76125356b9778df2f6df,f2939a3fda65f0c4803b76125356b9778df2f6df
,db1d589b9fc216fa2c691913901aa31621f50fc3
ed8b0f296a201d46066d895998bc5c191e47086d,ed8b0f296a201d46066d895998bc5c191e47086d
17d9c051f87c4a685db7f84b54b78d61ec474090,17d9c051f87c4a685db7f84b54b78d61ec474090
61987699055394c65355f2797d3e4e589f7fabf4,61987699055394c65355f2797d3e4e589f7fabf4
e8c9333d6ba367ebd7ed1afd83088b5b5ea15d84,e8c9333d6ba367ebd7ed1afd83088b5b5ea15d84
5c25aac680e826490c82cd5ea0c5dcb5ffe5b05a,5c25aac680e826490c82cd5ea0c5dcb5ffe5b05a
b0bba976737b16aa75e6eb9ad331d5effeca3c8f,b0bba976737b16aa75e6eb9ad331d5effeca3c8f
ec06218addda0551d54b77950bb9079db88fbea7,ec06218addda0551d54b77950bb9079db88fbea7
b1b6e377aa6ec6928a1d499ae58483b2b99658ec,b1b6e377aa6ec6928a1d499ae58483b2b99658ec
d04c453461a77b342fea9d1fec55861399401122,d04c453461a77b342fea9d1fec55861399401122
7c2583ba2d3867ae5e02acbc099715479f18b144,7c2583ba2d3867ae5e02acbc099715479f18b144
0e4ad69648fc4752d089ba5ba0e1bf43c129616c,0e4ad69648fc4752d089ba5ba0e1bf43c129616c
,249a1824bde336330bafbbbc3d6e7a4e60948a1e
,9a203e2e251849a26566ebf94043d74feeb0011c
bb2aa379177a52f93089af262b98e9f298cde638,bb2aa379177a52f93089af262b98e9f298cde638
4af4aebe930e938fa11ad28cd2c88645cce739a1,4af4aebe930e938fa11ad28cd2c88645cce739a1
,263170e23967dbd63e6d16e61e7db4c0ba6f1c3c
7d42611012fdbe366bf4a0481fc0e1abf15e245a,7d42611012fdbe366bf4a0481fc0e1abf15e245a
32dbfc39e6330ccae7505a87519bac616c45e3ad,32dbfc39e6330ccae7505a87519bac616c45e3ad
,4027cdb0502bae14fea8ff50b0ea59d560fc880b
,3a034bd08fb43195324278f13ec672c54fb5e470
,6d979ca18296b203204b014a75de6038bafd81d6
7992951848ec94911d9c413a9fc53959dab8bc68,7992951848ec94911d9c413a9fc53959dab8bc68
44821f92d83c5b6055044ebf3de64574c894854a,44821f92d83c5b6055044ebf3de64574c894854a
,6fbc6a4456f782897305ebd0edd2a7e60ca9bd7c
e98bd4b49a1eafa8c2ecbf562073a12fae464b65,e98bd4b49a1eafa8c2ecbf562073a12fae464b65
e5fdedd718bdf40904d67658fa4b9629a7a8b515,e5fdedd718bdf40904d67658fa4b9629a7a8b515
,e619c1aed8cf88e37907d760a26727f304443f1d
9b794360b929c58f9c2b58e9b722136b5f0788dd,9b794360b929c58f9c2b58e9b722136b5f0788dd
bcd5ffea453a73233dcd808c2c85da262f0743c0,bcd5ffea453a73233dcd808c2c85da262f0743c0
b2f4b16595e02a9721f97e3e30fb5bbbf73f5f54,b2f4b16595e02a9721f97e3e30fb5bbbf73f5f54
37d866f359f1104b67c40861c9f7b411c2287dff,37d866f359f1104b67c40861c9f7b411c2287dff
,53884d6d5edc031cf063c36103710583631f0f3c
4a7765c92149884dac1a7a60094efe5670af376a,4a7765c92149884dac1a7a60094efe5670af376a
f07c5bb9fe225b1a85fe805614d3e4c9b33edcf3,f07c5bb9fe225b1a85fe805614d3e4c9b33edcf3
085f6968857291a29b37cad3ec8ff33f1fe76102,085f6968857291a29b37cad3ec8ff33f1fe76102
1a1136a351fb653df6af838442c9fdf44f2f42d8,1a1136a351fb653df6af838442c9fdf44f2f42d8
,789d4f83519d9d8b3c7ecb32d2315918588f76bc
88f78b27b0eab9cb2f9108808070c7aa1e6a88b8,88f78b27b0eab9cb2f9108808070c7aa1e6a88b8
0871e6872f0cdeb32eb013648a76575b4d2dba80,0871e6872f0cdeb32eb013648a76575b4d2dba80
bf462c16870f44ed17ae6ceb2b363dc36b6d3ea2,bf462c16870f44ed17ae6ceb2b363dc36b6d3ea2
985c0a74b9783022e4ad5c75279d2acab9dae96d,985c0a74b9783022e4ad5c75279d2acab9dae96d
7530566d47eadab0bb93d560b9c80fc350871d46,7530566d47eadab0bb93d560b9c80fc350871d46
b25219a402f18160d30b7e827cf9f592989b081b,b25219a402f18160d30b7e827cf9f592989b081b
65593b011d6c1726e02bfa17f1370aa3c5f95bb0,65593b011d6c1726e02bfa17f1370aa3c5f95bb0
367e0ec187b31c7ed5cf05e85e6c7c011b5b9ef9,367e0ec187b31c7ed5cf05e85e6c7c011b5b9ef9
f7dacf4f4f6283eabd71847bfe4f35558e4aaf50,f7dacf4f4f6283eabd71847bfe4f35558e4aaf50
976b598539eef4e35297866ffce465d2e94b7cc7,976b598539eef4e35297866ffce465d2e94b7cc7
9b9dffaad17cd0215e454dc0a6e221e7b6a16062,9b9dffaad17cd0215e454dc0a6e221e7b6a16062
dc19d539369c3da9172de453c05bc503c9ac6bc2,dc19d539369c3da9172de453c05bc503c9ac6bc2
5b0d92e138422428d8e5afab8ee8f99ba9a4e613,5b0d92e138422428d8e5afab8ee8f99ba9a4e613
9ddae9b61b790e16d4fe92a6ede1339da0f9e7bd,9ddae9b61b790e16d4fe92a6ede1339da0f9e7bd
1464d4e3c815de3028572b850c6c34dfc57e9320,1464d4e3c815de3028572b850c6c34dfc57e9320
346270b749a111f5aa5cf2ffabb3f5e146ddb883,346270b749a111f5aa5cf2ffabb3f5e146ddb883
a4e7e0dca4393cbfefb91d4094530dbc0bda1fbc,a4e7e0dca4393cbfefb91d4094530dbc0bda1fbc
98f23c866a232cdfff76c3483acafa7a49d96478,98f23c866a232cdfff76c3483acafa7a49d96478
d1d9ad34fa978116394516913e4ce2b6a4a389d6,d1d9ad34fa978116394516913e4ce2b6a4a389d6
27d54e5487a6b64ce403f627c1d0843d469f8200,27d54e5487a6b64ce403f627c1d0843d469f8200
c15aa7af05ee4bdd05b475688f912761cfa1df19,c15aa7af05ee4bdd05b475688f912761cfa1df19
c7149e861a03454ccb66b552797a05c8d98994ba,c7149e861a03454ccb66b552797a05c8d98994ba
3768225622d53ffcc1e00eac53a2a870ecd825c8,3768225622d53ffcc1e00eac53a2a870ecd825c8
,41a332b28d0ff354040e2cbc676f0320d8c8850d
89c5dca00b9bf5ad746b91ec911c56cb4aee17f0,89c5dca00b9bf5ad746b91ec911c56cb4aee17f0
66f174184b24b3dafa63c4c716c4fb9d251d598e,66f174184b24b3dafa63c4c716c4fb9d251d598e
36bd6221c2016371c3af00071726578b91acb007,36bd6221c2016371c3af00071726578b91acb007
0312b8954b0feeaed741ffc9d8b9be939d0c2957,0312b8954b0feeaed741ffc9d8b9be939d0c2957
874ddff8ac72db190cacad4ba22baf9b07039649,874ddff8ac72db190cacad4ba22baf9b07039649
576a655161b5502dcf40602be1f3519a89b71658,576a655161b5502dcf40602be1f3519a89b71658
ff02ddbab49a8d2853daf0a9c6d42ccfb4f21f40,ff02ddbab49a8d2853daf0a9c6d42ccfb4f21f40
af345899202448c1f0e2d5f5ae8df198db3105aa,af345899202448c1f0e2d5f5ae8df198db3105aa
2e0b873d26f6d90f347757ed0d041bc65e02a89f,2e0b873d26f6d90f347757ed0d041bc65e02a89f
ed607ba16f6ac5afbff9ad9b8c02deba2207cbc0,ed607ba16f6ac5afbff9ad9b8c02deba2207cbc0
9a3e204bd2f012122b228fa68bf97539da965d3b,9a3e204bd2f012122b228fa68bf97539da965d3b
e64b9a2ccd29c4b815442adb6fec216eb8426c10,e64b9a2ccd29c4b815442adb6fec216eb8426c10
662ec70531509df61c8c8e44650c203f0ab79466,662ec70531509df61c8c8e44650c203f0ab79466
e25c73435702fed11e9c5584ce6efe7cbff71739,e25c73435702fed11e9c5584ce6efe7cbff71739
3441e4f268367da8c998eb96854b8892bb1026dd,3441e4f268367da8c998eb96854b8892bb1026dd
6361dce4fddbf21dd6ef4fb230d6f20d23be7e62,6361dce4fddbf21dd6ef4fb230d6f20d23be7e62
1a50a6238eb67285ccd4df17f75cce430baae2a4,1a50a6238eb67285ccd4df17f75cce430baae2a4
5a5ae82fce3fd9eb406473fc42dd1112acb6e32d,5a5ae82fce3fd9eb406473fc42dd1112acb6e32d
9eec0b5bd8a48047f0dcc61e98b4b92951480f98,9eec0b5bd8a48047f0dcc61e98b4b92951480f98
6a7e35fe807dd2c00df3a915edaff42896005da1,6a7e35fe807dd2c00df3a915edaff42896005da1
406abd306b633b6460666b4092784a3330370c7b,406abd306b633b6460666b4092784a3330370c7b
4ad818a7b5eceea39d42dcd1cd75ecab3bfed6a4,4ad818a7b5eceea39d42dcd1cd75ecab3bfed6a4
7ec5c34f817867b10ff34d76dbc7ac2b9240ce85,7ec5c34f817867b10ff34d76dbc7ac2b9240ce85
35d9c1c4506594f9ec902015bec622be5ebc6c7d,35d9c1c4506594f9ec902015bec622be5ebc6c7d
88d5496e0b4aafdedbb6e7fd18e42bdd0843fc98,88d5496e0b4aafdedbb6e7fd18e42bdd0843fc98
25981260dd48274abb39d48ed3cd96384522c217,25981260dd48274abb39d48ed3cd96384522c217
7f67e80272d6349a70acd0a6d0dc169292431020,7f67e80272d6349a70acd0a6d0dc169292431020
baba92b7822a56c05554ab5d1bc1d0b7e212499d,baba92b7822a56c05554ab5d1bc1d0b7e212499d
04212b21b40631d4de9653e5ec751267c2599d11,04212b21b40631d4de9653e5ec751267c2599d11
10017ca37b1257ac0771e24652aa28c758e378eb,10017ca37b1257ac0771e24652aa28c758e378eb
6659c7b450158ed257b85f2473700bfec0ea0806,6659c7b450158ed257b85f2473700bfec0ea0806
adbc69b07b839ca353177b5a22013b30624d2dc5,adbc69b07b839ca353177b5a22013b30624d2dc5
d00dbe217b7199b312b3008bbe005ddffbc2e01d,d00dbe217b7199b312b3008bbe005ddffbc2e01d
,13ebd3443fa5575f0eb173e323d8419f7452cfb1
13af8618a585336d18f313e746de63f2ebeb4956,13af8618a585336d18f313e746de63f2ebeb4956
94ea44d8cb575032373a9925f794be48a2b806e7,94ea44d8cb575032373a9925f794be48a2b806e7
806c05ffe56f49358d958306c3f07f015148a621,806c05ffe56f49358d958306c3f07f015148a621
e88cfe8535af121121a4b475eefd13dae4fbc4cc,e88cfe8535af121121a4b475eefd13dae4fbc4cc
674a378f73bef19dd70643fb3e4ab47d69a9b475,674a378f73bef19dd70643fb3e4ab47d69a9b475
b50256eab69686cd95c41c903eb45e9a614f52ee,b50256eab69686cd95c41c903eb45e9a614f52ee
401cbf2194d35d078c0bcdae4bea42275483ab5f,401cbf2194d35d078c0bcdae4bea42275483ab5f
2f6c9365f7b6e74fa301425bbc766e549d4f5108,2f6c9365f7b6e74fa301425bbc766e549d4f5108
3c558cb7f966e1d16abd720968f9398b2fa2a30e,3c558cb7f966e1d16abd720968f9398b2fa2a30e
58771b7ce13aac743954b751a5a3b74f4a32541f,58771b7ce13aac743954b751a5a3b74f4a32541f
e5213d0a7ededd98d06524888b6cbc8624cf7be2,e5213d0a7ededd98d06524888b6cbc8624cf7be2
b6b32ac9499921c86e191a5113779e4ebc3da958,b6b32ac9499921c86e191a5113779e4ebc3da958
eeeeec16d9471a5fae3b02a5cde6461fd2d4908a,eeeeec16d9471a5fae3b02a5cde6461fd2d4908a
5295b474f3a0bb39418456c96d6fcf13901a4aa1,5295b474f3a0bb39418456c96d6fcf13901a4aa1
99edf1f758f70b4e27db284ec32ab8ad3b1fa2cf,99edf1f758f70b4e27db284ec32ab8ad3b1fa2cf
dcdfdcfe8044a8d373260da3fe45e71a0af5ef77,dcdfdcfe8044a8d373260da3fe45e71a0af5ef77
4410bb5accef3848bc7b64131ceb3d54740682e8,4410bb5accef3848bc7b64131ceb3d54740682e8
830e3a6766c753e041aa5b78e94213972a99d400,830e3a6766c753e041aa5b78e94213972a99d400
b9fc543c9cba9ab4a76a702e25306ae2dd848c2f,b9fc543c9cba9ab4a76a702e25306ae2dd848c2f
17f55f9d9f9ab3187060c07d4eaee2bd8e2b31dc,17f55f9d9f9ab3187060c07d4eaee2bd8e2b31dc
6954d0255cfed71d55ad8b371b4170b8bf7709dc,6954d0255cfed71d55ad8b371b4170b8bf7709dc
028acca4233995454e3693e43b6957a2f8ab456d,028acca4233995454e3693e43b6957a2f8ab456d
9b7c03efcc5638951d07647a583b5e390ebf8824,9b7c03efcc5638951d07647a583b5e390ebf8824
07d52f0ac67e91e1c5079683bfe27ccf39b5d71b,07d52f0ac67e91e1c5079683bfe27ccf39b5d71b
69aad835cb3f62e435fc693443ce49bfe74b6dbe,69aad835cb3f62e435fc693443ce49bfe74b6dbe
40b2bdfffaf95cd92896aad18f22239e5e675fef,40b2bdfffaf95cd92896aad18f22239e5e675fef
c56c94dd4d5a2b79c2eccd5061a7d70b5a57ff45,c56c94dd4d5a2b79c2eccd5061a7d70b5a57ff45
950b82a1be7adabb8abf95f69ca71db7a839c940,950b82a1be7adabb8abf95f69ca71db7a839c940
b79ae52e8553151dca9160253e741131dd518071,b79ae52e8553151dca9160253e741131dd518071
eb761b8d104e2c573fd0153e3e14b6055338e749,eb761b8d104e2c573fd0153e3e14b6055338e749
,7607253209dae362fbe85cc189c9350886e28fc0
01cb023186cab05220554ee75b4d69921dd051f1,01cb023186cab05220554ee75b4d69921dd051f1
5462dee16b3f4d240ebbe52c9c4214c912ccdda4,5462dee16b3f4d240ebbe52c9c4214c912ccdda4
26c2c08cc58d7fa471ded745fcd0fdcedb282e17,26c2c08cc58d7fa471ded745fcd0fdcedb282e17
e74ef81a02219a2646c2d1fb2e45a9a123fd6fac,e74ef81a02219a2646c2d1fb2e45a9a123fd6fac
92fab452e2f14c7730f79031906e06326c916946,92fab452e2f14c7730f79031906e06326c916946
671b6b6a60c60c21a1ff5f1564d2e8726bb12b66,671b6b6a60c60c21a1ff5f1564d2e8726bb12b66
f1db8a2623193757317639d0532daa5e3c8ea20c,f1db8a2623193757317639d0532daa5e3c8ea20c
e085737450f5f9d9f9e631ca05e4368a28e57588,e085737450f5f9d9f9e631ca05e4368a28e57588
f1721fa5b72191fdc428a2a5a5b4be02b711f0ea,f1721fa5b72191fdc428a2a5a5b4be02b711f0ea
1a32ee8ac16a7d5f45a81503fe06cdc665d218b1,1a32ee8ac16a7d5f45a81503fe06cdc665d218b1
ce82ceaf7f9df2ddb36ad01a8d1783f26b41f73b,ce82ceaf7f9df2ddb36ad01a8d1783f26b41f73b
fe325b95eff8c7b86b7085fc2f446a2ade5b6b6d,fe325b95eff8c7b86b7085fc2f446a2ade5b6b6d
66ddabea6cd1b3e47997dff416b1133e74cb0f97,66ddabea6cd1b3e47997dff416b1133e74cb0f97
5ab5844dd55ab73212d1527e4cf72fea884e39dd,5ab5844dd55ab73212d1527e4cf72fea884e39dd
84e6bd4288650f5fff504c2659916de682aa3c8c,84e6bd4288650f5fff504c2659916de682aa3c8c
bd3cf9496c8374e69dcc3f587c5f4af4b57ce7fb,bd3cf9496c8374e69dcc3f587c5f4af4b57ce7fb
67201cb74b974b43f8083d32e290dca1eacd9382,67201cb74b974b43f8083d32e290dca1eacd9382
04f487671975db0581afeb5fcccf500672806015,04f487671975db0581afeb5fcccf500672806015
16aac3c06f7e4da97c29d0f14126517e37b9f43f,16aac3c06f7e4da97c29d0f14126517e37b9f43f
b43cc3ae446c3418e755e4b873b96494841e232c,b43cc3ae446c3418e755e4b873b96494841e232c
37a4c6392c07d7228224c4e10d20aacd84496f49,37a4c6392c07d7228224c4e10d20aacd84496f49
b308082a84f0cedabde8f8c019dc28c2140c9822,b308082a84f0cedabde8f8c019dc28c2140c9822
f9196f9f176fd2ef9243e8960817d5fbe63d79aa,f9196f9f176fd2ef9243e8960817d5fbe63d79aa
a02378ca1c24767ecd776aafec02158a30dc01ac,a02378ca1c24767ecd776aafec02158a30dc01ac
27f0cba603877f0cc0e2432abd8e58529358d6b9,27f0cba603877f0cc0e2432abd8e58529358d6b9
9ef4acc2fd5cde01ece05bd4e44732a023ed7845,9ef4acc2fd5cde01ece05bd4e44732a023ed7845
597d709fd3b6f39b78578f0536955ae86bc062ca,597d709fd3b6f39b78578f0536955ae86bc062ca
3b499ac151097dc9d32e056074e1e541a1ba9e2d,3b499ac151097dc9d32e056074e1e541a1ba9e2d
bc8dafeaca658ae0857c80d8aa6de4d487577c63,bc8dafeaca658ae0857c80d8aa6de4d487577c63
6f1ac601a10f4d41cf1194b02df57f9aa003b362,6f1ac601a10f4d41cf1194b02df57f9aa003b362
e0f228070d8f7b5c25e9375fa70fa418f8dfedf8,e0f228070d8f7b5c25e9375fa70fa418f8dfedf8
8fe0a652472cde7e11f082742ea63a5dad45cccc,8fe0a652472cde7e11f082742ea63a5dad45cccc
b7f6fc2745e66a1f75a6deb50b9f9dbf816cfdda,b7f6fc2745e66a1f75a6deb50b9f9dbf816cfdda
5b504346be738cd4c378136d03bd0f4cd6f23b83,5b504346be738cd4c378136d03bd0f4cd6f23b83
74ec638d8e82ab4e7aacac77ef47a49e735ca7dd,74ec638d8e82ab4e7aacac77ef47a49e735ca7dd
922e09cbb00ca5cacb1d09b38280f09b1e3cab4d,922e09cbb00ca5cacb1d09b38280f09b1e3cab4d
958973a140f1e3ae91343e4aabf0de6ec50763b6,958973a140f1e3ae91343e4aabf0de6ec50763b6
865c2f85c9fea1c6ac7f53de07554d68cb92ed88,865c2f85c9fea1c6ac7f53de07554d68cb92ed88
b91e322219f17f365f93da46fe3057d561925d0a,b91e322219f17f365f93da46fe3057d561925d0a
,639d53448bb2e7331a15f0a6d6bba13981db7853
b394f1aa30ba874df3ae6097bf4c2474b2d8f3ac,b394f1aa30ba874df3ae6097bf4c2474b2d8f3ac
b13c38273e001f0427c26f15b79b57db90606a91,b13c38273e001f0427c26f15b79b57db90606a91
5ac843eecbf67669d4003aa49ae5e0136dc73365,5ac843eecbf67669d4003aa49ae5e0136dc73365
e6e0514937c8398e029c2e6dde6dabb4f3c6397a,e6e0514937c8398e029c2e6dde6dabb4f3c6397a
974108626da1c3972f57d8d98a7793d3f378d3c7,974108626da1c3972f57d8d98a7793d3f378d3c7
fe0174255e410defaaf58b06e009e0ebcd74db59,fe0174255e410defaaf58b06e009e0ebcd74db59
6c8d601ce9850d6fa2179f8e65cc3ab63b5a5762,6c8d601ce9850d6fa2179f8e65cc3ab63b5a5762
a29fd565e9b37b6908da3de41fbee7ed6ec68ea2,a29fd565e9b37b6908da3de41fbee7ed6ec68ea2
01a35017c1475e9c4daa88771ee5bc9ee427c28f,01a35017c1475e9c4daa88771ee5bc9ee427c28f
123d956563261571569233624fbec7c9fe5a0af2,123d956563261571569233624fbec7c9fe5a0af2
42156cd874edd7703c2063cee44dd6da8312c3d5,42156cd874edd7703c2063cee44dd6da8312c3d5
f9ea0aa5c9d0c0e0dc350f7f546a4655689ce7bb,f9ea0aa5c9d0c0e0dc350f7f546a4655689ce7bb
,d0b39bb599eec9ce00912bb5ea5a2ec6339e29cc
dd965133ccad001c5bb9068d754841eed9b87fb2,dd965133ccad001c5bb9068d754841eed9b87fb2
1e341aa44c293d95d13d778492d417d1be4e63d5,1e341aa44c293d95d13d778492d417d1be4e63d5
6426e7b1a621884bc185a46079abd759a1908051,6426e7b1a621884bc185a46079abd759a1908051
13bd2c1438570bae47625806a3b6b121b0fec1c4,13bd2c1438570bae47625806a3b6b121b0fec1c4
7c639e38befcfd10a6c6c2b8902d5d8375e52e6b,7c639e38befcfd10a6c6c2b8902d5d8375e52e6b
cf0949bf6d2adf8032260fd08039c879cf71c128,cf0949bf6d2adf8032260fd08039c879cf71c128
135cc6b6d16593b032bfd8a9a027b2a6d04176f7,135cc6b6d16593b032bfd8a9a027b2a6d04176f7
d7e1bc51cd3f30e21b17bab33d77078e3fb7cc26,d7e1bc51cd3f30e21b17bab33d77078e3fb7cc26
d79b812c8570508c04faba959e5fbb19230a6de2,d79b812c8570508c04faba959e5fbb19230a6de2
83e5088ad8a728ca6329d385dc706d9353a05dea,83e5088ad8a728ca6329d385dc706d9353a05dea
cd815dd7ebfd7eb46fc2858f040296b654cd6b81,cd815dd7ebfd7eb46fc2858f040296b654cd6b81
16caab5371ae1ff9fb01617769ddeeb52460951e,16caab5371ae1ff9fb01617769ddeeb52460951e
304853db648d38ee7c8f800a8bf71b1da0ffcb5e,304853db648d38ee7c8f800a8bf71b1da0ffcb5e
481f8e839a81080f519236700773ec46023c7bdf,481f8e839a81080f519236700773ec46023c7bdf
52af787439a82f36d6ef6b0da0f0e5ecce29ff90,52af787439a82f36d6ef6b0da0f0e5ecce29ff90
a9f153d96fd06fac8b76759f42ea2f6174ce4e0c,a9f153d96fd06fac8b76759f42ea2f6174ce4e0c
40941f5619974c639fe13fe977fd92805fc10ec3,40941f5619974c639fe13fe977fd92805fc10ec3
5f91a6795537bb179b6cce3e9032e5f861308460,5f91a6795537bb179b6cce3e9032e5f861308460
10cfd6263d33428b9a87ada54284d6a5dccc1080,10cfd6263d33428b9a87ada54284d6a5dccc1080
,610430da5cdf35de870aa890d03e534ca3a50906
1d6f2f0356b3defadf14b1a0f8a3dcda89367d68,1d6f2f0356b3defadf14b1a0f8a3dcda89367d68
2d90331b87246af3a99dfe2672ebd114d887be71,2d90331b87246af3a99dfe2672ebd114d887be71
1689b564814db5f1c7abd74129771d282e2d652b,1689b564814db5f1c7abd74129771d282e2d652b
2c89c3660a985ccdebf7e63f5f0f8b83e54cd49d,2c89c3660a985ccdebf7e63f5f0f8b83e54cd49d
