tokenId,bidder,amount,contractAddress,id
1,337101def3eeb6f06e071efe02216274507937bb,4.75e+17,41a322b28d0ff354040e2cbc676f0320d8c8850d,0xd64d5feacd655e7b7ea125316a84edbf6937cb17e041919c794c7dd1edb84a2c-39
11,ec8c1050b45789f9ee4d09dcc7d64aaf9e233338,3e+17,41a322b28d0ff354040e2cbc676f0320d8c8850d,0x59980a3219ee61e3c554b7c992227c5774cef76df7b4ca1a3180db53b96771ed-36
29,992b737a279f6ce912514addc0337c0c455f7e42,4.3e+17,41a322b28d0ff354040e2cbc676f0320d8c8850d,0x910a88926e12d51cc023c2edc681002d26e4fe97485763133c49e20637138c2b-98
7,ec6d36a487d85cf562b7b8464ce8dc60637362ac,3e+17,41a322b28d0ff354040e2cbc676f0320d8c8850d,0xde670d63986cd86a02428d824e232fe1efa1726b65e9eb62a312ccc07355ef6f-70
65,0320de3378dcde180758ad2d41c0e1c6dcbb441d,8e+16,41a322b28d0ff354040e2cbc676f0320d8c8850d,0x773af039245ca5e6efd151b78427c093e9e57551f7e54a1818d29366c6bab037-94
11,ec8c1050b45789f9ee4d09dcc7d64aaf9e233338,3.5e+17,41a322b28d0ff354040e2cbc676f0320d8c8850d,0x38f97e5637c0eb70a80c733c35d80ac21322889616e7263af75fea65ac1fc071-153
20,890dbc463f22c164c192ed0e3accdd99c5494f4f,5e+16,41a322b28d0ff354040e2cbc676f0320d8c8850d,0xe2e20bb05c49d75a70ce9088e5468377226cdcd86cbd1d39642fb46bc0515011-82
5,21316e6a4f0af45e5f1503984e83b10c53b177d8,2.3e+17,41a322b28d0ff354040e2cbc676f0320d8c8850d,0xb399e3a863f6f8ae99fbfe7d9ca55a5d5276bb6dc6cc5444f0e195bcad2d65e8-88
10,21316e6a4f0af45e5f1503984e83b10c53b177d8,1e+17,41a322b28d0ff354040e2cbc676f0320d8c8850d,0xba789a8b0a8c45334ef15e634f9f64fe13370f63aa1ba82f8288987acff21e1b-71
44,a636e1a462f612e14adc20cb405d1727a6efca6a,2e+17,41a322b28d0ff354040e2cbc676f0320d8c8850d,0xf542bed8e29848751f14205c661a9bf24cb79fe591b56ee77e43a165c3ab33f5-56
83,ec8c1050b45789f9ee4d09dcc7d64aaf9e233338,3e+17,41a322b28d0ff354040e2cbc676f0320d8c8850d,0x0a0a4bf74a5d7beda1ebc5a0a803bd88bf42f109f471cf3a9953a45f2e71ee7e-112
17,759c5c787e83041722ba6807d92698f41bddd245,5e+16,41a322b28d0ff354040e2cbc676f0320d8c8850d,0xeb0bfa5822e57b218cd1c8d4f3c112bf5d7125825dc5ee5a42cd6b9edad0ebf0-49
8,759c5c787e83041722ba6807d92698f41bddd245,1.1e+17,41a322b28d0ff354040e2cbc676f0320d8c8850d,0xec8a267623db3768c0fc0119ac4cff7bbaad7b513bed0ada70ca5098f6e80ea4-45
6,759c5c787e83041722ba6807d92698f41bddd245,5e+16,41a322b28d0ff354040e2cbc676f0320d8c8850d,0xec8a267623db3768c0fc0119ac4cff7bbaad7b513bed0ada70ca5098f6e80ea4-59
1,3950cf9d61851259b0694a0a3800f51658cb920a,4.7e+17,41a322b28d0ff354040e2cbc676f0320d8c8850d,0x3d3974de6ad1c69fec693eebd4b2c9a14c46c613da1a07d575f986254633473e-24
1,55372173689c288552885d897d32f5f706f79aa6,5e+17,41a322b28d0ff354040e2cbc676f0320d8c8850d,0x6620b9669ff2230be95cc6e27f25f4061a53559007bab62135d63e955c8842f4-130
108,21316e6a4f0af45e5f1503984e83b10c53b177d8,1e+17,41a322b28d0ff354040e2cbc676f0320d8c8850d,0x45af1610f24d7dd05edb59426bca521601d1e90e8ca22af59c25c4854ad0ccb9-159
135,8fe0a652472cde7e11f082742ea63a5dad45cccc,1e+18,41a322b28d0ff354040e2cbc676f0320d8c8850d,0xee1572ba3bc517940563ae6e9ec00e67b0fdab52f8eb40ca49f4354cb1e7053c-150
105,00c26ec65d2d84667212b820bfd25c60b59c60f5,6.9e+16,41a322b28d0ff354040e2cbc676f0320d8c8850d,0x1264f0faf34c94138f5ccfd148532e82000ba9893a1bd85008053c82d1f1bcf2-161
4,6853a596d6d7264d3622546da3b891b6fe17eb82,1.99e+18,41a322b28d0ff354040e2cbc676f0320d8c8850d,0x65fdfabb6af367bba6f94abf0a7aa294f712577d376ff3efe0b357d5355844f5-128
13,6853a596d6d7264d3622546da3b891b6fe17eb82,1.2e+17,41a322b28d0ff354040e2cbc676f0320d8c8850d,0x4ea1500755430473ffada888c1fd6839fd2f5c3e517f379d2e795665d0e54844-120
135,6853a596d6d7264d3622546da3b891b6fe17eb82,1.5e+18,41a322b28d0ff354040e2cbc676f0320d8c8850d,0xfc5bce4d69b6a60ce26b04d25df4aca5109cfd77b18c7649f82323f94809c223-70
13,6853a596d6d7264d3622546da3b891b6fe17eb82,2e+17,41a322b28d0ff354040e2cbc676f0320d8c8850d,0xec9760453671e4a3e0c66b667001660630452fdb792f4534df40b970c34c3f77-36
53,671b6b6a60c60c21a1ff5f1564d2e8726bb12b66,1e+15,41a322b28d0ff354040e2cbc676f0320d8c8850d,0x6923c549c98690219baccf21fa91f553f46df00dfb88975a130637013a53605c-136
13,ec8c1050b45789f9ee4d09dcc7d64aaf9e233338,2.1e+17,41a322b28d0ff354040e2cbc676f0320d8c8850d,0x6c5f57ef8c272530d06e178ddda5f9f752300b75ad89664cf7da21f077408f19-111
138,d966b27bcd90ac9028da3c9c8e44d9450f025f1a,1e+17,41a322b28d0ff354040e2cbc676f0320d8c8850d,0x0f970960011bcf2a946cbabc045697ea036d972db3d6ad07b1c14bfa54002fc2-118
3,d0c3339848fb597abd46fa650e3e411715f0bfb8,1.39e+18,41a322b28d0ff354040e2cbc676f0320d8c8850d,0x6908fb036bfea2dae404e2c298f85984579ed435193c83c489e88488fe6598ff-44
81,c72f3a0fedd9df54af271912f283cc0024c14197,1e+17,41a322b28d0ff354040e2cbc676f0320d8c8850d,0xf9491aa9647e2987bcffe7a74048652b93fd29925317d5db85075f6e7622174d-49
1,6853a596d6d7264d3622546da3b891b6fe17eb82,1.25e+18,41a322b28d0ff354040e2cbc676f0320d8c8850d,0x5c9e8f985c4491a6157729d3f436fae96517395e1ed626cab38af2d056aff218-106
13,6853a596d6d7264d3622546da3b891b6fe17eb82,2.5e+17,41a322b28d0ff354040e2cbc676f0320d8c8850d,0xabe8abcb0532f2b3b9ac5982b6e26f0278ec03577ac1bdc52c3780ba782107e3-68
177,6853a596d6d7264d3622546da3b891b6fe17eb82,2.5e+17,41a322b28d0ff354040e2cbc676f0320d8c8850d,0xe82c4cd95d89563d60d233daacec79f796362edc3eaa749939ac4bac84cd0bb9-211
102,1b158330eb18839f50649f4cb8f49954214866a3,1e+18,41a322b28d0ff354040e2cbc676f0320d8c8850d,0x1fc2eade2a024ba188b1618f8495d49d883faf226bb19a90ba612d073672fee0-31
485,1b158330eb18839f50649f4cb8f49954214866a3,5e+16,41a322b28d0ff354040e2cbc676f0320d8c8850d,0x3ae4f8e82182f1502595c7fb4472b4126a0cd2767cd3e79ddaa37123f002fe5c-1
88,7ea92dbce5387f8ff480fe5d557abd4c7b09054f,1.15e+18,41a322b28d0ff354040e2cbc676f0320d8c8850d,0x6802e112bb30e339cf64751fec469527069fd737b54369f952e148dafc7a9f44-107
490,21316e6a4f0af45e5f1503984e83b10c53b177d8,1e+17,41a322b28d0ff354040e2cbc676f0320d8c8850d,0x2ac221751c59eedfa9872087e089aab5991b838d991938bdc0261e6374e8e471-59
36,55372173689c288552885d897d32f5f706f79aa6,1e+17,41a322b28d0ff354040e2cbc676f0320d8c8850d,0x10592900abdec94693a8f38c8906bd1521f909ae230d0e5f44364ae87e73b796-32
102,1b158330eb18839f50649f4cb8f49954214866a3,1.65e+18,41a322b28d0ff354040e2cbc676f0320d8c8850d,0x48ba4d928eb404c5e24d2d165fbb3553af2584e50bf2345e36efca416dafb600-65
83,ec8c1050b45789f9ee4d09dcc7d64aaf9e233338,5e+16,41a322b28d0ff354040e2cbc676f0320d8c8850d,0xb2a7f7e83cb32ec4482a083ab6b334141d899ae50809c1193a29519fc413d55d-115
148,ec8c1050b45789f9ee4d09dcc7d64aaf9e233338,4e+16,41a322b28d0ff354040e2cbc676f0320d8c8850d,0x7b82191708a8ee95bd9ff79898d13e627133ced2e2eb025cb288e83ef697b971-65
149,ec8c1050b45789f9ee4d09dcc7d64aaf9e233338,3e+16,41a322b28d0ff354040e2cbc676f0320d8c8850d,0xecdb67d246ff180f0473c84b134c5fc76f8bc2b26172d50f25372090cc225b26-9
384,ced2662fe30d876bef52f219eeac67e2b328effc,1e+17,41a322b28d0ff354040e2cbc676f0320d8c8850d,0x1cf026789b3b9951373d8ecba37f13ff82a40e9443508c484015b25c99600b8e-70
498,1b158330eb18839f50649f4cb8f49954214866a3,1.2e+17,41a322b28d0ff354040e2cbc676f0320d8c8850d,0x7dbf5abceb3cd1caa9e112fdd394f4a90d0f04967074616f6558728ead3e9537-67
507,21316e6a4f0af45e5f1503984e83b10c53b177d8,1e+17,41a322b28d0ff354040e2cbc676f0320d8c8850d,0x86e28c137c40fbd99f1e933c07df76e0a80b8e62f4e337a0bd075657c1c94175-102
507,21316e6a4f0af45e5f1503984e83b10c53b177d8,1.6e+17,41a322b28d0ff354040e2cbc676f0320d8c8850d,0x9f0a92735c5b0a25fe13bcf5eb0b8ce7e9636bc3f5e8e69b9c6cc5642ca85ab1-154
210,1b158330eb18839f50649f4cb8f49954214866a3,1e+17,41a322b28d0ff354040e2cbc676f0320d8c8850d,0x6678eca0c8a018aedc1ce857d28529fc7aae4af37057a48de94f54fbfba33cc9-175
249,1b158330eb18839f50649f4cb8f49954214866a3,8e+16,41a322b28d0ff354040e2cbc676f0320d8c8850d,0x5e4c4838cf5d9d87dcf9315afdfcf98d1c155d19a46c8589c52be212e1df21d6-22
260,1b158330eb18839f50649f4cb8f49954214866a3,8e+16,41a322b28d0ff354040e2cbc676f0320d8c8850d,0x2e1c9aafee46d75588b9597980f8a50b718653be425c7440974fef05fd59a192-9
297,1b158330eb18839f50649f4cb8f49954214866a3,8e+16,41a322b28d0ff354040e2cbc676f0320d8c8850d,0xe0b9f6a382e65c9f01bc91a85b91d611fecf4861b24f73e3ae3efba6efdbcc21-10
299,1b158330eb18839f50649f4cb8f49954214866a3,1e+17,41a322b28d0ff354040e2cbc676f0320d8c8850d,0xe0b9f6a382e65c9f01bc91a85b91d611fecf4861b24f73e3ae3efba6efdbcc21-11
341,1b158330eb18839f50649f4cb8f49954214866a3,8e+16,41a322b28d0ff354040e2cbc676f0320d8c8850d,0xe0b9f6a382e65c9f01bc91a85b91d611fecf4861b24f73e3ae3efba6efdbcc21-32
346,1b158330eb18839f50649f4cb8f49954214866a3,9e+16,41a322b28d0ff354040e2cbc676f0320d8c8850d,0x3cc06c0e5ee0062c6675b4d9a2314d9848eac1a7989fedcb84d3ec2b86352b8f-4
375,1b158330eb18839f50649f4cb8f49954214866a3,1e+17,41a322b28d0ff354040e2cbc676f0320d8c8850d,0x3cc06c0e5ee0062c6675b4d9a2314d9848eac1a7989fedcb84d3ec2b86352b8f-5
57,1b158330eb18839f50649f4cb8f49954214866a3,4e+17,41a322b28d0ff354040e2cbc676f0320d8c8850d,0x9694fa87f98ef88dad3d7d54178cfddff2385562d8f7fa731dc2e3f0c1c50db8-9
93,1b158330eb18839f50649f4cb8f49954214866a3,1e+17,41a322b28d0ff354040e2cbc676f0320d8c8850d,0x5c0080d38f44af54e92b4c68c28fa6030086c83ca3ad5ac1614eb96e4152dfd1-4
110,1b158330eb18839f50649f4cb8f49954214866a3,1.1e+17,41a322b28d0ff354040e2cbc676f0320d8c8850d,0x2b31792c326c375ec090f9315ada1b0f0cb3b69427af3de4d6c95bf52fec37e8-24
519,337101def3eeb6f06e071efe02216274507937bb,1e+16,41a322b28d0ff354040e2cbc676f0320d8c8850d,0x693dd0891ef6e3ab3c00fab04257e1d41b1df7ed6421318fc6335efac206cc22-28
582,6853a596d6d7264d3622546da3b891b6fe17eb82,2e+17,41a322b28d0ff354040e2cbc676f0320d8c8850d,0x581b48623d26577a78a0cacdd283aa96b11152ff0eeba176f84b351826924a00-119
582,6853a596d6d7264d3622546da3b891b6fe17eb82,3.33e+17,41a322b28d0ff354040e2cbc676f0320d8c8850d,0x1726778d8935fe6bffd14bd054aa697b13575686500aad7ab9eeefa12d127b4d-72
558,6853a596d6d7264d3622546da3b891b6fe17eb82,7.5e+16,41a322b28d0ff354040e2cbc676f0320d8c8850d,0xeb9df08ca1bcb1878874a892454cf5e1e1fc4302b54be08a98a3163e04717f6e-78
5,6853a596d6d7264d3622546da3b891b6fe17eb82,4e+17,41a322b28d0ff354040e2cbc676f0320d8c8850d,0xdd3f436776a537a538933a3cc7b997a6db926706162fe2356041d4e9dfcc6db9-56
127,6853a596d6d7264d3622546da3b891b6fe17eb82,1.5e+17,41a322b28d0ff354040e2cbc676f0320d8c8850d,0x67d53d0823285a55162a2de9d72c207b4a761575862a1862b3025e7584a62ebd-127
165,7672b17d5eebb7194d57066f86fbcb4e85a7e10e,1e+16,41a322b28d0ff354040e2cbc676f0320d8c8850d,0xe0907595c26e3930cccae5cabf0a6023f8d24f0bf28e1abc43bec68d7f407400-100
490,c1ccf7456fd640473c383468df2c18a2e3d68ea5,1.6e+17,41a322b28d0ff354040e2cbc676f0320d8c8850d,0x8f7280da00ff7669a077b703f601c0b11d3860f020df240ac6178610f51ddc48-67
527,c1ccf7456fd640473c383468df2c18a2e3d68ea5,7.3e+16,41a322b28d0ff354040e2cbc676f0320d8c8850d,0xbf004260318ecbd20e093c0d3746361dc573b012e131d100c32ee0c9e48ef077-116
622,6853a596d6d7264d3622546da3b891b6fe17eb82,1.25e+17,41a322b28d0ff354040e2cbc676f0320d8c8850d,0xb543dd6819909d80abcc2d23d5660ca1274b59693d5627f0003065e25f6f92a0-87
103,bc74c3adc2aa6a85bda3eca5b0e235ca08532772,1.3776571562401e+17,41a322b28d0ff354040e2cbc676f0320d8c8850d,0x354a4f4571141afa058b9d09f0d5e71bd2dbb4a45f1f67d02be5707b3263fe92-101
645,b4f6ae2cca59f0ea3fb2559e32c61df753bb542a,1.5e+17,41a322b28d0ff354040e2cbc676f0320d8c8850d,0xe38cec2a76383e79ce128bdf776c461fb76834dfd8a53c53713d28806d2bfc60-52
558,77350e1152efd5f2d807a6124015c629a907155e,5e+16,41a322b28d0ff354040e2cbc676f0320d8c8850d,0x00552faa654a31e57182ded08c8984e11f658b489c45e101233c3971e71e4f09-92
551,aeb70953077c1eceff54b0c65b2a3c54ed7ea185,3e+16,41a322b28d0ff354040e2cbc676f0320d8c8850d,0xe26b6b3ec4c86346f7d9d3c53ac1169025e21590dc6b99a48e0d3e0adaeee98f-46
81,aeb70953077c1eceff54b0c65b2a3c54ed7ea185,1e+17,41a322b28d0ff354040e2cbc676f0320d8c8850d,0xfe503cb72d1186f5fc30d755ca13f230ec6ef95b2b0232197c72d04d1067f7da-177
583,2b3ab8e7bb14988616359b78709538b10900ab7d,1e+18,41a322b28d0ff354040e2cbc676f0320d8c8850d,0x12774f15a9a777acd8c648959e5526775ff444f3d2f3277dc1f6abac8cf60127-5
603,2b3ab8e7bb14988616359b78709538b10900ab7d,2e+17,41a322b28d0ff354040e2cbc676f0320d8c8850d,0x6a432bb4cde030661d38b993b08104538b01500f2082f0c7f22b1aa6d2e19899-4
94,6242ab9b1f5f0b8e3186055af07825fdd00ca273,5e+17,41a322b28d0ff354040e2cbc676f0320d8c8850d,0x3769c36c0b0e938485540e1f020c6ccb4d36f7a61b0e96f204a5367ee19c972d-211
120,d966b27bcd90ac9028da3c9c8e44d9450f025f1a,1e+17,41a322b28d0ff354040e2cbc676f0320d8c8850d,0xcd30964a76418058a60d243cd0029279ae60cb3f4c6dbec3345cb6460268375b-21
163,2b3ab8e7bb14988616359b78709538b10900ab7d,1e+18,41a322b28d0ff354040e2cbc676f0320d8c8850d,0x7bd9ba012d5e2a6060a6f2e2c151451c30d1691f49727737b7fe870b5fbd0747-40
172,2b3ab8e7bb14988616359b78709538b10900ab7d,5e+17,41a322b28d0ff354040e2cbc676f0320d8c8850d,0x735db91761c7b7c16b2e507ff803321ca937b23947507d4efacad056f7e65ace-2
583,2b3ab8e7bb14988616359b78709538b10900ab7d,6.5e+17,41a322b28d0ff354040e2cbc676f0320d8c8850d,0x90dc611582360fc1b96ff622504204f9a64efa41b722dd47d1f7a61a22af1c35-7
603,2b3ab8e7bb14988616359b78709538b10900ab7d,6.5e+17,41a322b28d0ff354040e2cbc676f0320d8c8850d,0x7a558d93ab4dd36fa6478ef0816a9a9a74e7310be89a54472c6d1d106371bae0-2
571,1b158330eb18839f50649f4cb8f49954214866a3,5e+16,41a322b28d0ff354040e2cbc676f0320d8c8850d,0x60a1598053a4eed8478b5f91a20e0f6d72cebb690a5be6826cf192f14fef1085-22
568,8c7be1213cb8e0c367012f1ee19cf3378a3ae4bf,6e+17,41a322b28d0ff354040e2cbc676f0320d8c8850d,0xd88992ae695ed70e7dc476a71e3f29012012d6d9e5a3cf11ee5e3a0552c18168-58
683,77350e1152efd5f2d807a6124015c629a907155e,7.5e+16,41a322b28d0ff354040e2cbc676f0320d8c8850d,0x84600df69fa9068978939aa093c967a1b5d2d1c959942d5e3a0975303b2498c0-109
1,f051c20b310839871a2e8bc493da55370239c0a2,1.8e+18,41a322b28d0ff354040e2cbc676f0320d8c8850d,0xd39da900756f8c7f444f01c2ee95f7df80a761f3ff54c8a87dda217cc610aeed-145
642,b3007ff3c3f40bdf0126fec7c8e43c3fc50ea813,2e+17,41a322b28d0ff354040e2cbc676f0320d8c8850d,0x5cf9491f2ac1feec39ed032adf13373c566752f729b892bccf48731850bcd776-159
664,349fbe6c3bd744342c19c1133e268686d01a650f,1.5e+16,41a322b28d0ff354040e2cbc676f0320d8c8850d,0xd6249b8729bc979e1eb3e3a4df0c55d5cfa37c274da9c0925dfab35b35c63ef1-70
595,b3007ff3c3f40bdf0126fec7c8e43c3fc50ea813,1.9e+17,41a322b28d0ff354040e2cbc676f0320d8c8850d,0xa8d2bdf1fc173856f601a1ee5dd0247b7cf0bd3fe9515b3ae60e0bc6cbb96550-75
705,b3007ff3c3f40bdf0126fec7c8e43c3fc50ea813,1e+17,41a322b28d0ff354040e2cbc676f0320d8c8850d,0x98f66619471f3cc76721941e7c1722decbe42f66ff62a8133e0f9ac95e4eefdf-51
709,b3007ff3c3f40bdf0126fec7c8e43c3fc50ea813,2.75e+17,41a322b28d0ff354040e2cbc676f0320d8c8850d,0xfcd9e84a17f1c11837543817c842d87f037232140c9accb7bb41eebd272479de-140
700,349fbe6c3bd744342c19c1133e268686d01a650f,6e+16,41a322b28d0ff354040e2cbc676f0320d8c8850d,0xf5d124afb8b8d49070f1bd54b56d6f5331a69e61954571a75cbd0995571746e5-130
710,976b598539eef4e35297866ffce465d2e94b7cc7,1.6e+18,41a322b28d0ff354040e2cbc676f0320d8c8850d,0x1169ca866c80be7079928938b769dd99a190fb2fbee907dee6cc9ca9b462348a-89
645,976b598539eef4e35297866ffce465d2e94b7cc7,3.6e+17,41a322b28d0ff354040e2cbc676f0320d8c8850d,0xc317dc3a5eb91b51897c1808b6a80dc72a3d29413a89d4f9320e0d08b67472a1-100
706,21316e6a4f0af45e5f1503984e83b10c53b177d8,1.5e+17,41a322b28d0ff354040e2cbc676f0320d8c8850d,0x3880005fdce17dd40c9549804fe18bb8c992508c39e5d298fd4455e3a409a930-192
11,77350e1152efd5f2d807a6124015c629a907155e,1e+17,41a322b28d0ff354040e2cbc676f0320d8c8850d,0xb6cd6fb4ef7213522bdb5d271a985ca6b37d114037e7be46ea6ff13e76f7bf22-91
709,b3007ff3c3f40bdf0126fec7c8e43c3fc50ea813,3.5e+17,41a322b28d0ff354040e2cbc676f0320d8c8850d,0xdf4cc3ec0ab09e6f2ffdcd20224eb6975678627ec415080eae3698f3712db08b-144
608,e5fdedd718bdf40904d67658fa4b9629a7a8b515,3e+17,41a322b28d0ff354040e2cbc676f0320d8c8850d,0xa9a2d73280acc67efa1ea7160fa50163ead7e6e91805988b9634a340756e6ea0-179
56,e5fdedd718bdf40904d67658fa4b9629a7a8b515,5e+17,41a322b28d0ff354040e2cbc676f0320d8c8850d,0x4328eab7d399bd48bf9c3a135907cb4c7e7950065a2f0492d5fa5dde2175cc4a-103
524,77350e1152efd5f2d807a6124015c629a907155e,1e+17,41a322b28d0ff354040e2cbc676f0320d8c8850d,0x57f8fa8e24eeeae7d1aa1be9293903104160e27a68b894d904788511d038d8a9-54
527,77350e1152efd5f2d807a6124015c629a907155e,2e+17,41a322b28d0ff354040e2cbc676f0320d8c8850d,0x282ebf04533506729e7ff6d16b51e1025b01409ef657ee32d878eed07bf3e811-55
54,e5fdedd718bdf40904d67658fa4b9629a7a8b515,5e+17,41a322b28d0ff354040e2cbc676f0320d8c8850d,0xdfb5525e5df2f3c2f0769d8ca9bb7ebd6a10d483470545a19567dbdf1c619095-46
724,6853a596d6d7264d3622546da3b891b6fe17eb82,1.5e+17,41a322b28d0ff354040e2cbc676f0320d8c8850d,0x6c03d793fb3d5bff95e32f89530fa5777b28ada352bedff452d98c22aa42a2f8-168
727,b3007ff3c3f40bdf0126fec7c8e43c3fc50ea813,3.75e+17,41a322b28d0ff354040e2cbc676f0320d8c8850d,0xc5f37f0c16bc2c553840451a5143b0b564448275237a290b4af35b818d824347-34
697,ff02ddbab49a8d2853daf0a9c6d42ccfb4f21f40,5e+17,41a322b28d0ff354040e2cbc676f0320d8c8850d,0xbea1ae7cf2837becf58bf73d6a8bea7f5c7c58f29cf279c54daf36a14554a58a-65
738,e8c9333d6ba367ebd7ed1afd83088b5b5ea15d84,2.5e+16,41a322b28d0ff354040e2cbc676f0320d8c8850d,0x89b5475d9eeb125b7585817e78340d93ba902049800bfc406b64d19749822b74-57
674,aeb70953077c1eceff54b0c65b2a3c54ed7ea185,9e+16,41a322b28d0ff354040e2cbc676f0320d8c8850d,0xad55a412b55ca32d00a8cbb9cdbb260e7270c4578fb86d6b1b759abf7b2114c6-39
687,aeb70953077c1eceff54b0c65b2a3c54ed7ea185,1.1e+17,41a322b28d0ff354040e2cbc676f0320d8c8850d,0x2df946767d58aed7ef121a29d93de2002b4bd1c57f437ba16d1f9dfefecb2478-64
561,7672b17d5eebb7194d57066f86fbcb4e85a7e10e,2.5e+16,41a322b28d0ff354040e2cbc676f0320d8c8850d,0xa34ebd7e07127de4f391d64d99eacff9d8dc537eebc0f2ad0657328012f9db5e-19
790,6853a596d6d7264d3622546da3b891b6fe17eb82,2.75e+17,41a322b28d0ff354040e2cbc676f0320d8c8850d,0xb9b520f23d01dcd1d65f6953f68cf68654961d3c829b1de6966964b90313c608-95
783,77350e1152efd5f2d807a6124015c629a907155e,1.337e+17,41a322b28d0ff354040e2cbc676f0320d8c8850d,0xbd166fd4eaef725f07b4545b74e6a13e25a44b24befaa6743973522c4cdcd65c-82
787,b3007ff3c3f40bdf0126fec7c8e43c3fc50ea813,1.1e+17,41a322b28d0ff354040e2cbc676f0320d8c8850d,0xa4abdc19f3e6f562ecfac14998ae09a63558dedd2dd6117cdaec874978900b61-10
688,ec8c1050b45789f9ee4d09dcc7d64aaf9e233338,2e+17,41a322b28d0ff354040e2cbc676f0320d8c8850d,0x0ec9f324dcb5024149f5b21ef2c7db1b7a10fbeb07e8d222e81d58495bb120c1-173
657,ec8c1050b45789f9ee4d09dcc7d64aaf9e233338,1e+17,41a322b28d0ff354040e2cbc676f0320d8c8850d,0x6fa381d0a1bd59e054024d101c4f241c7a9d5a7e571baf0e632a05239921a6ff-95
554,ec8c1050b45789f9ee4d09dcc7d64aaf9e233338,1e+17,41a322b28d0ff354040e2cbc676f0320d8c8850d,0x1cb94c0c439fe69283d585137503da0e530a4c1d59b61abd2fe6fb955d117187-93
763,6853a596d6d7264d3622546da3b891b6fe17eb82,7e+16,41a322b28d0ff354040e2cbc676f0320d8c8850d,0x5201d18aced3e3a84a66b00655594a1e5f8b8161b7ce3998f9124f2bc0dea67d-24
765,6853a596d6d7264d3622546da3b891b6fe17eb82,7e+16,41a322b28d0ff354040e2cbc676f0320d8c8850d,0x462f979c9ab7592baf2b162f215d795620e01680435e552163708878e8075c45-10
766,6853a596d6d7264d3622546da3b891b6fe17eb82,7e+16,41a322b28d0ff354040e2cbc676f0320d8c8850d,0x4df95e252fd31d52b0c1cc41b24e7d5b785649f2b8e190373de69d7173b7d686-14
767,6853a596d6d7264d3622546da3b891b6fe17eb82,7e+16,41a322b28d0ff354040e2cbc676f0320d8c8850d,0x492902337c54cb086d6a7c095afe47a61bbf85ca1481943110dac73cefa749fc-9
811,ec8c1050b45789f9ee4d09dcc7d64aaf9e233338,1e+17,41a322b28d0ff354040e2cbc676f0320d8c8850d,0x591da5dae685f21f2fd6aff51a0df5276dc7adb34b3cb73db2b1d1e09982aa24-27
803,b3007ff3c3f40bdf0126fec7c8e43c3fc50ea813,5e+16,41a322b28d0ff354040e2cbc676f0320d8c8850d,0x1938658845f387bdf9b820e35b733b5adf1a541b7c2c2287ce1129bba8513e14-22
798,b3007ff3c3f40bdf0126fec7c8e43c3fc50ea813,5e+16,41a322b28d0ff354040e2cbc676f0320d8c8850d,0x7f81d66a5d5601decbe01dd7c7fc1ef08c553cd044e0b36829bdf7fbb43f4d7c-27
699,401cbf2194d35d078c0bcdae4bea42275483ab5f,2.5e+16,41a322b28d0ff354040e2cbc676f0320d8c8850d,0xe9f9bfaf53fff582abc43db26ccf640011ba452fea2cdc49af4ff4e9fa504d02-147
810,b3007ff3c3f40bdf0126fec7c8e43c3fc50ea813,1e+17,41a322b28d0ff354040e2cbc676f0320d8c8850d,0xf85c22d851206d671097d26332c6afc27688d097ba387a8f7f4873bd641bc06a-135
808,b3007ff3c3f40bdf0126fec7c8e43c3fc50ea813,2.5e+15,41a322b28d0ff354040e2cbc676f0320d8c8850d,0x47719b953422329e2b8cde41cb49684c484341179278354e1365c52cfa44e723-61
412,89c5dca00b9bf5ad746b91ec911c56cb4aee17f0,2e+17,41a322b28d0ff354040e2cbc676f0320d8c8850d,0x7e3746493cea1e1620818cde65922301f83226855752d6f62ca1d5cbaaf8ad40-88
514,27d54e5487a6b64ce403f627c1d0843d469f8200,5e+16,41a322b28d0ff354040e2cbc676f0320d8c8850d,0x1e5c467fd20dd5076df0e5570b51fe6e3e45d3f67b964a83c6e7b92ba0e0fae4-27
788,27d54e5487a6b64ce403f627c1d0843d469f8200,5e+16,41a322b28d0ff354040e2cbc676f0320d8c8850d,0x993925504d5ba993ad879487f8fc7fb93bdc46d4d52e72487b30b0d1435c87a1-38
814,27d54e5487a6b64ce403f627c1d0843d469f8200,5e+16,41a322b28d0ff354040e2cbc676f0320d8c8850d,0x993925504d5ba993ad879487f8fc7fb93bdc46d4d52e72487b30b0d1435c87a1-39
768,27d54e5487a6b64ce403f627c1d0843d469f8200,5e+16,41a322b28d0ff354040e2cbc676f0320d8c8850d,0xf10de0ec1026675d8751229fdb8e0183114be93b915f93a9b32cfc6aa50ef817-17
761,27d54e5487a6b64ce403f627c1d0843d469f8200,5e+16,41a322b28d0ff354040e2cbc676f0320d8c8850d,0x033e2827bc01be449b441bace8be931bd7372849587cdbb3898b52bca6b56173-56
755,27d54e5487a6b64ce403f627c1d0843d469f8200,5e+16,41a322b28d0ff354040e2cbc676f0320d8c8850d,0xfe3274ad4a48907d600abbabcbbd837e1009bce99c4a2e30193f1a6c0d746979-32
693,27d54e5487a6b64ce403f627c1d0843d469f8200,5e+16,41a322b28d0ff354040e2cbc676f0320d8c8850d,0x67eb733a19f5fe5c98ba782e756e257fbec7530d9bfec204ab468d0320e57bf7-35
88,7dec37c03ea5ca2c47ad2509be6abaf8c63cdb39,1.2e+18,41a322b28d0ff354040e2cbc676f0320d8c8850d,0x1c965e4a1967ff03f413caa711f2d6735a98bd56797cf6daa9f018c7462d9ab2-14
55,b3007ff3c3f40bdf0126fec7c8e43c3fc50ea813,1.5e+18,41a322b28d0ff354040e2cbc676f0320d8c8850d,0x3ccde1b6bdf209de6c5ff1fae10bbee26843620b19a49117128e7f136271874f-22
17,baba92b7822a56c05554ab5d1bc1d0b7e212499d,4e+18,41a322b28d0ff354040e2cbc676f0320d8c8850d,0x70e066880ce21659c03b6fdacf299782f001f2ae24241003a5dea5f06cb1291b-36
147,f8b32d30ac6ab3030595432533d7836fd76b078d,2e+17,41a322b28d0ff354040e2cbc676f0320d8c8850d,0x4425926813272b4400143f0c9e0a723979c1aa7041f839ce12cb9ea262869185-29
825,f8b32d30ac6ab3030595432533d7836fd76b078d,5e+16,41a322b28d0ff354040e2cbc676f0320d8c8850d,0x4425926813272b4400143f0c9e0a723979c1aa7041f839ce12cb9ea262869185-40
533,ec8c1050b45789f9ee4d09dcc7d64aaf9e233338,1.1e+17,41a322b28d0ff354040e2cbc676f0320d8c8850d,0x663facf2c941ea4b674b3180caf08ca473774f7c5708767bcf6fef9bdde5baea-39
188,fa30c7836ca6c0c85bb284880774620d283c3354,1e+17,41a322b28d0ff354040e2cbc676f0320d8c8850d,0xff3a8048e6522ca4b795aef3ece0d38397ef493e6106b78916209400d338e3f3-156
855,77350e1152efd5f2d807a6124015c629a907155e,5e+16,41a322b28d0ff354040e2cbc676f0320d8c8850d,0xf82bec730d336bcce4aa906b03c44c2400d207ee4513fc165b6e9523ef8e453f-21
537,27d54e5487a6b64ce403f627c1d0843d469f8200,5e+16,41a322b28d0ff354040e2cbc676f0320d8c8850d,0xaa5d34a1a80bddd62038e3d42a59541865f565cd4b33dc164f80d4b3277701e7-75
860,b3007ff3c3f40bdf0126fec7c8e43c3fc50ea813,1.5e+17,41a322b28d0ff354040e2cbc676f0320d8c8850d,0xc889e22641fae8626c6b8435436e17913b8614e6504652ecab9dfcfe1cf5fec3-36
191,9993d3a6d5a26f1d37220fcb16947a8b16998c9f,1e+17,41a322b28d0ff354040e2cbc676f0320d8c8850d,0xda0e397a7a732baf2480e1c515e26015ba974da5d612a45a7afc7915cb49b43e-121
218,9993d3a6d5a26f1d37220fcb16947a8b16998c9f,1e+17,41a322b28d0ff354040e2cbc676f0320d8c8850d,0xec6f6b0289d86e54f832da1ffcdd93f657a00c0fd6428b4021266e40cf085180-71
465,9993d3a6d5a26f1d37220fcb16947a8b16998c9f,1e+17,41a322b28d0ff354040e2cbc676f0320d8c8850d,0xf8f56c326af7255ef3847e9d87c2b1502c76904ea502556047690464dfe213a1-35
255,89c5dca00b9bf5ad746b91ec911c56cb4aee17f0,2e+17,41a322b28d0ff354040e2cbc676f0320d8c8850d,0xbc02d95a811585651bfd5eafd55459449061222970a96810e3001bd8214ee5d0-2
822,27d54e5487a6b64ce403f627c1d0843d469f8200,1.05e+17,41a322b28d0ff354040e2cbc676f0320d8c8850d,0xe2b0c0d8faa638b3b04c7ac2bc25cbb41a077c98a35e6a4c8d1441cff3802167-12
864,6853a596d6d7264d3622546da3b891b6fe17eb82,1e+17,41a322b28d0ff354040e2cbc676f0320d8c8850d,0x0e587ecef109830fa270a9e029951239f3f7ccf838ba6fd8a999982a66807862-69
702,baba92b7822a56c05554ab5d1bc1d0b7e212499d,1e+18,41a322b28d0ff354040e2cbc676f0320d8c8850d,0x464a8efb04911e1fb02ecd4e329f9bc7659ff1477596fea96954deee0f009275-33
861,9993d3a6d5a26f1d37220fcb16947a8b16998c9f,7.5e+16,41a322b28d0ff354040e2cbc676f0320d8c8850d,0x467f77855c7d998da68586e79528e5805b15cbcc9f1416186cbcb51078e77243-120
855,10017ca37b1257ac0771e24652aa28c758e378eb,2.5e+17,41a322b28d0ff354040e2cbc676f0320d8c8850d,0xc3d32a40c6209a787c19a67e1970cfdb3be54068b13c6fdb84e04e6b6c88cad1-159
903,b3007ff3c3f40bdf0126fec7c8e43c3fc50ea813,3e+17,41a322b28d0ff354040e2cbc676f0320d8c8850d,0xf016d3892a906a2b0d32fc6ad36bc26f9cd915e0dba70198a50efe9bdd566f2b-43
670,10017ca37b1257ac0771e24652aa28c758e378eb,1e+17,41a322b28d0ff354040e2cbc676f0320d8c8850d,0x76baf800636b3d5d54429f9e4be2acf684c5990291d670a6fe9a8b1012c5d1e6-36
909,6853a596d6d7264d3622546da3b891b6fe17eb82,2e+17,41a322b28d0ff354040e2cbc676f0320d8c8850d,0x7994a51727f29b431a14ccd043cac296265062ba90ea9bd6e2d3325256bb109f-69
858,4af4aebe930e938fa11ad28cd2c88645cce739a1,5e+16,41a322b28d0ff354040e2cbc676f0320d8c8850d,0x826684a3151a25f38ea7089d0f15798404250d5a3085b2c6a0daf3d72410719d-79
862,f8b32d30ac6ab3030595432533d7836fd76b078d,9e+16,41a322b28d0ff354040e2cbc676f0320d8c8850d,0x016b9d73bb1a9ea8a4ba7ae493be59d848e853f24ca472a7265a8791e9053eb2-82
909,6853a596d6d7264d3622546da3b891b6fe17eb82,4.5e+17,41a322b28d0ff354040e2cbc676f0320d8c8850d,0x12bab477661fe46e90b5529d9eb62afd1a93b22a9fe59c69fb9fe1f4d5ac9678-36
46,7672b17d5eebb7194d57066f86fbcb4e85a7e10e,1e+16,41a322b28d0ff354040e2cbc676f0320d8c8850d,0x77609c0d77f8a08eb683256ce5d966d8c16c84aa49bdc7cbb295505ca13dc721-88
47,7672b17d5eebb7194d57066f86fbcb4e85a7e10e,1e+16,41a322b28d0ff354040e2cbc676f0320d8c8850d,0x14bf87072b2aacae9e1f56be9aa3ea5004c2cbf1afc195ff78e0b69eb11a78fe-26
689,10017ca37b1257ac0771e24652aa28c758e378eb,1e+18,41a322b28d0ff354040e2cbc676f0320d8c8850d,0x396eca3f435634990434b1e4b6ebc89b25a5f9f19e6aaa246482c90c2d9419fc-128
715,10017ca37b1257ac0771e24652aa28c758e378eb,2e+17,41a322b28d0ff354040e2cbc676f0320d8c8850d,0x9b94466e8b6d4092d29bc5ee3e816d29b2addf8d9fce010ea1bfd747a30cfd32-29
954,baba92b7822a56c05554ab5d1bc1d0b7e212499d,2e+17,41a322b28d0ff354040e2cbc676f0320d8c8850d,0xa5f29c72e17c141ba25445c915c1b80a8adb3f66a7676901a21f5847641e6e02-32
94,f8b32d30ac6ab3030595432533d7836fd76b078d,5.1e+17,41a322b28d0ff354040e2cbc676f0320d8c8850d,0x777d8a25e41a5ccf643eb10c54e7c7b10202cbb27a7943c87ab559a4bd2b8ea6-59
929,10017ca37b1257ac0771e24652aa28c758e378eb,2.85e+17,41a322b28d0ff354040e2cbc676f0320d8c8850d,0x003c4d77209c1a8ebeb0f53a3cf5f37fa874c9547e8746a657d835cd801db044-90
967,f8b32d30ac6ab3030595432533d7836fd76b078d,1.75e+17,41a322b28d0ff354040e2cbc676f0320d8c8850d,0x6d46ee5f4fd0a877bda097b97a92e0bcda9ce5f246971da67bb726ca07f9e0b7-110
970,10017ca37b1257ac0771e24652aa28c758e378eb,2.85e+17,41a322b28d0ff354040e2cbc676f0320d8c8850d,0x105a87ec6af174db6f476311be25602f85f44b62da7760c8c06e1def9715cae4-39
902,77350e1152efd5f2d807a6124015c629a907155e,1.5e+17,41a322b28d0ff354040e2cbc676f0320d8c8850d,0xdddcfb927fab3f40070222c2e8e9743ec08805312a204dd29480ee096e6e77e8-20
595,10017ca37b1257ac0771e24652aa28c758e378eb,1e+18,41a322b28d0ff354040e2cbc676f0320d8c8850d,0x40d9d28aa6b6ed6b2a364aa6f15392e67cc99918fb0e0359c88a12ed8a1bf470-52
900,10017ca37b1257ac0771e24652aa28c758e378eb,6e+17,41a322b28d0ff354040e2cbc676f0320d8c8850d,0x7644615b4d96e28911eea1358f12a888da1f5f3008b791814a3a98d3841b40e5-41
906,10017ca37b1257ac0771e24652aa28c758e378eb,5e+17,41a322b28d0ff354040e2cbc676f0320d8c8850d,0x4e8f31a21d7b14f61f4600152d45b10d8add65c76e8982665e055834b3422dae-68
902,10017ca37b1257ac0771e24652aa28c758e378eb,7e+17,41a322b28d0ff354040e2cbc676f0320d8c8850d,0x4e8f31a21d7b14f61f4600152d45b10d8add65c76e8982665e055834b3422dae-67
750,21316e6a4f0af45e5f1503984e83b10c53b177d8,2.1e+17,41a322b28d0ff354040e2cbc676f0320d8c8850d,0xedbcf5d3300c52c4248631ccf46433a3a4fad94ecd8c84b0d9a00b4d2725cbe9-141
900,10017ca37b1257ac0771e24652aa28c758e378eb,7.5e+17,41a322b28d0ff354040e2cbc676f0320d8c8850d,0x103e7a47069fa80c7a4928b3df1f2dafe8f508538aecc389812356e8e28c4d92-25
951,10017ca37b1257ac0771e24652aa28c758e378eb,2.3e+17,41a322b28d0ff354040e2cbc676f0320d8c8850d,0xddab0f3d88d09a2557cc6245d29c37bef3db546d4fa06e045496b3f2033f73c8-53
972,77350e1152efd5f2d807a6124015c629a907155e,1e+17,41a322b28d0ff354040e2cbc676f0320d8c8850d,0x9fd7aa3f45e1ec669bac3175e4691df9b1c0c535a1127dfa4b76b01c08e5aaac-144
973,576a655161b5502dcf40602be1f3519a89b71658,1e+17,41a322b28d0ff354040e2cbc676f0320d8c8850d,0x8e9fbc8201aaf559f39089b4b9fae12d6b1f7f103ff4fd2999d7bf4792b9a1fc-50
626,da5e56e6a41230ed87f39b7c65ede7a8373de403,1.5e+17,41a322b28d0ff354040e2cbc676f0320d8c8850d,0x3e839bf00d41b4fdf3fedd652bead2183e2004e061dffb1ef8f49cd63fd0f19e-41
29,f8b32d30ac6ab3030595432533d7836fd76b078d,5e+17,41a322b28d0ff354040e2cbc676f0320d8c8850d,0x2bcda74547a7d8ac99e85ef193b5ef59d53b50aab0ff723ed923e7b9d647be09-64
861,10017ca37b1257ac0771e24652aa28c758e378eb,2e+17,41a322b28d0ff354040e2cbc676f0320d8c8850d,0x6e4dc2e492c34cee18e7978b6653b57dc04e38842d4f87e44320bb1476f55a4c-127
767,10017ca37b1257ac0771e24652aa28c758e378eb,3e+17,41a322b28d0ff354040e2cbc676f0320d8c8850d,0xb8f041607a1611229933606f65f7e2c9ce554212c2e044a813bf0cc556881a70-24
767,10017ca37b1257ac0771e24652aa28c758e378eb,5e+17,41a322b28d0ff354040e2cbc676f0320d8c8850d,0x2c7a77ea176515e579fab33ed1b82b2f46badf648ba84c7b468b93130186959a-74
901,10017ca37b1257ac0771e24652aa28c758e378eb,8e+17,41a322b28d0ff354040e2cbc676f0320d8c8850d,0xb2bb32a6845ddd2846654348da85b1f32b0e4af436a9b689b114732a63e27e26-59
1023,10017ca37b1257ac0771e24652aa28c758e378eb,3.5e+17,41a322b28d0ff354040e2cbc676f0320d8c8850d,0x65b949bbf46dfb26fe2df6413ec846523d2e3199ee998510619df681ee1785e7-78
975,d04c453461a77b342fea9d1fec55861399401122,1e+16,41a322b28d0ff354040e2cbc676f0320d8c8850d,0xfa0504f684603ab50fbd8ebaf039a20a8e3dcc731f91e719e9b92003d648278d-60
933,d04c453461a77b342fea9d1fec55861399401122,5e+15,41a322b28d0ff354040e2cbc676f0320d8c8850d,0xc3e871764b7621f7573e4c5cbc1ea2fc7b304e38ad5340405ffebe9ef5a57790-1
179,d04c453461a77b342fea9d1fec55861399401122,1e+15,41a322b28d0ff354040e2cbc676f0320d8c8850d,0xc3e871764b7621f7573e4c5cbc1ea2fc7b304e38ad5340405ffebe9ef5a57790-68
1001,f8b32d30ac6ab3030595432533d7836fd76b078d,2e+17,41a322b28d0ff354040e2cbc676f0320d8c8850d,0xa7204370cad54a6415b0c44cc4604476d2a999f82355cdaecdbe15863acdc8bf-94
16,335e19b3f5dcfa2e398ee7d5ff430a1f8ccc88b2,1.5e+17,41a322b28d0ff354040e2cbc676f0320d8c8850d,0xedcd922201470a8336d8f782228e73466174e312a24a164d040b9a14ebf68097-34
592,10017ca37b1257ac0771e24652aa28c758e378eb,7.5e+17,41a322b28d0ff354040e2cbc676f0320d8c8850d,0xdfc696b852cd5fa8157b72896cec149ba59e51f14c2e171d3b1f7d24fb670cd8-110
764,335e19b3f5dcfa2e398ee7d5ff430a1f8ccc88b2,6.66e+16,41a322b28d0ff354040e2cbc676f0320d8c8850d,0x55bafacfe0303b14e484a1e9a92bf1e7538e1589f9d691a1c6ce1ec465c3d156-144
1061,10017ca37b1257ac0771e24652aa28c758e378eb,5e+17,41a322b28d0ff354040e2cbc676f0320d8c8850d,0x845e159b2797cbaba1f36772cb85f071a055adf12786c23964ce9f8ced2d03eb-124
92,89c5dca00b9bf5ad746b91ec911c56cb4aee17f0,5e+17,41a322b28d0ff354040e2cbc676f0320d8c8850d,0x303f11041d567279c5ca23c239ff9c3ce18cad5c8795cf9365e5955507b168c8-60
527,89c5dca00b9bf5ad746b91ec911c56cb4aee17f0,3e+17,41a322b28d0ff354040e2cbc676f0320d8c8850d,0x313476f091097094b59883b5ede16eb0e5914a4cdcd4b60fcd163372b58bcfcc-1
1052,89c5dca00b9bf5ad746b91ec911c56cb4aee17f0,4e+17,41a322b28d0ff354040e2cbc676f0320d8c8850d,0x313476f091097094b59883b5ede16eb0e5914a4cdcd4b60fcd163372b58bcfcc-47
189,baba92b7822a56c05554ab5d1bc1d0b7e212499d,1.11e+17,41a322b28d0ff354040e2cbc676f0320d8c8850d,0x443f1e199a913cfb9cf57645b596350ae830b89204deaed329d36dd0e7bb599f-19
472,baba92b7822a56c05554ab5d1bc1d0b7e212499d,1e+17,41a322b28d0ff354040e2cbc676f0320d8c8850d,0x82d391eb2ad3cc19f2b840cdec33a24e82d96de45ef68110b12b0b77895dbed5-89
591,baba92b7822a56c05554ab5d1bc1d0b7e212499d,1e+17,41a322b28d0ff354040e2cbc676f0320d8c8850d,0x9be440196807e10669365793c439cb14c8f51577f2440d11d993f82753f68014-65
703,baba92b7822a56c05554ab5d1bc1d0b7e212499d,2e+17,41a322b28d0ff354040e2cbc676f0320d8c8850d,0xcb5e90612127f1f4f85aeaa5ea96ce62f05635fd380f9ba92384d5f313639863-168
782,baba92b7822a56c05554ab5d1bc1d0b7e212499d,1e+17,41a322b28d0ff354040e2cbc676f0320d8c8850d,0xdac618fa4a85d3c5af5de58329d703b61a63625aa3a346a227de2b3d0a311c86-32
798,baba92b7822a56c05554ab5d1bc1d0b7e212499d,1e+17,41a322b28d0ff354040e2cbc676f0320d8c8850d,0x085d65e2c7ed8a559425e6b3e10926e3488a25f860338b68b7c69a3330a84ea5-86
826,baba92b7822a56c05554ab5d1bc1d0b7e212499d,1e+17,41a322b28d0ff354040e2cbc676f0320d8c8850d,0x1089e2a77283464e5cf112836fae2f32a418a4dcc12b1fbb72309dfef921c035-102
924,baba92b7822a56c05554ab5d1bc1d0b7e212499d,5e+16,41a322b28d0ff354040e2cbc676f0320d8c8850d,0x64a23ea7c664bda8c190cc345f0a5c791ac9d4e49ad758504f6c611fcf2bef1a-49
925,baba92b7822a56c05554ab5d1bc1d0b7e212499d,1e+17,41a322b28d0ff354040e2cbc676f0320d8c8850d,0x64a23ea7c664bda8c190cc345f0a5c791ac9d4e49ad758504f6c611fcf2bef1a-50
934,baba92b7822a56c05554ab5d1bc1d0b7e212499d,1e+17,41a322b28d0ff354040e2cbc676f0320d8c8850d,0x64a23ea7c664bda8c190cc345f0a5c791ac9d4e49ad758504f6c611fcf2bef1a-51
940,baba92b7822a56c05554ab5d1bc1d0b7e212499d,5e+16,41a322b28d0ff354040e2cbc676f0320d8c8850d,0x64a23ea7c664bda8c190cc345f0a5c791ac9d4e49ad758504f6c611fcf2bef1a-52
948,baba92b7822a56c05554ab5d1bc1d0b7e212499d,1e+17,41a322b28d0ff354040e2cbc676f0320d8c8850d,0x8920c752a702cbb0ae270b5205b39aba454f7ae399fb59e702c7a2d4a7670261-74
953,baba92b7822a56c05554ab5d1bc1d0b7e212499d,1.1e+17,41a322b28d0ff354040e2cbc676f0320d8c8850d,0x59a2feb3123480d1402433f0c8ae482334719988e653d47314369afd8a78022b-16
1011,baba92b7822a56c05554ab5d1bc1d0b7e212499d,1e+17,41a322b28d0ff354040e2cbc676f0320d8c8850d,0x59a2feb3123480d1402433f0c8ae482334719988e653d47314369afd8a78022b-24
1020,baba92b7822a56c05554ab5d1bc1d0b7e212499d,1e+17,41a322b28d0ff354040e2cbc676f0320d8c8850d,0xf7c1c09ce9c238a07cf2a14b91c6e596de77c9a26bca53b0301c35e12b70252a-114
1030,baba92b7822a56c05554ab5d1bc1d0b7e212499d,2e+17,41a322b28d0ff354040e2cbc676f0320d8c8850d,0xf7c1c09ce9c238a07cf2a14b91c6e596de77c9a26bca53b0301c35e12b70252a-115
976,7ea92dbce5387f8ff480fe5d557abd4c7b09054f,1e+18,41a322b28d0ff354040e2cbc676f0320d8c8850d,0x5fcf194fa244418d54eb2f3da8b7479a4a196670c9c2876d4a9c3e8c12e0fd57-69
1035,b3007ff3c3f40bdf0126fec7c8e43c3fc50ea813,2.5e+17,41a322b28d0ff354040e2cbc676f0320d8c8850d,0xcc282e31dbc2fb6a9b8fad6edbc76814c74215b449a09e2d0c9806d889de8074-97
520,b3007ff3c3f40bdf0126fec7c8e43c3fc50ea813,2.5e+17,41a322b28d0ff354040e2cbc676f0320d8c8850d,0xf1814380158818c475b5f3de43e1d7383a1f777d4651c74888fda8f7b79b6a1b-12
727,10017ca37b1257ac0771e24652aa28c758e378eb,8e+17,41a322b28d0ff354040e2cbc676f0320d8c8850d,0xfd31db875e4bf15ff401b6e61427bcf11cfe6aa3e554faa5f863ca09d4784956-44
578,10017ca37b1257ac0771e24652aa28c758e378eb,3.5e+17,41a322b28d0ff354040e2cbc676f0320d8c8850d,0x0e1776379164f3ce9bb84d5f4e8595738b2a6206b5243ac1341e9397bacd79bb-19
613,10017ca37b1257ac0771e24652aa28c758e378eb,5e+17,41a322b28d0ff354040e2cbc676f0320d8c8850d,0x7f2b1bb3589feb88d8006e18ce3702f0f3a8cd41267374632754c1b2bc64ba39-34
613,10017ca37b1257ac0771e24652aa28c758e378eb,7.5e+17,41a322b28d0ff354040e2cbc676f0320d8c8850d,0xf12407c23f5b6863cccb2284315987e18fb30217844777a0b002a8b93c862dae-56
1101,10017ca37b1257ac0771e24652aa28c758e378eb,5.5e+17,41a322b28d0ff354040e2cbc676f0320d8c8850d,0x80a39eec91ff094387e6ecabba8d662184024a4aa58d85f32abdfde5349d65a6-82
1035,b3007ff3c3f40bdf0126fec7c8e43c3fc50ea813,3.5e+17,41a322b28d0ff354040e2cbc676f0320d8c8850d,0x2962030b89404f70a9655aaa7537565d7e20ce22cc4e383caa192f0c0f770528-0
1096,b3007ff3c3f40bdf0126fec7c8e43c3fc50ea813,2.5e+17,41a322b28d0ff354040e2cbc676f0320d8c8850d,0x131028cec6a94be4ef5b3853e72c4a369e49d92a470377f4610d5eee86eb3848-29
114,b3007ff3c3f40bdf0126fec7c8e43c3fc50ea813,1.5e+18,41a322b28d0ff354040e2cbc676f0320d8c8850d,0xdac9d653d721fb9ec65d95c7edbc73875c7de49e90a154a6e3dcb37cfce8d1e9-37
1108,27d54e5487a6b64ce403f627c1d0843d469f8200,5e+17,41a322b28d0ff354040e2cbc676f0320d8c8850d,0x7063d8e25f449d9ad46f6a0ecb8b28e54173ecc9ae6d3885f1c889d71cbce3c9-28
886,f8b32d30ac6ab3030595432533d7836fd76b078d,2e+17,41a322b28d0ff354040e2cbc676f0320d8c8850d,0x87315b70655ead0f0b4154433783415fd38eff878ab747db975333547237a199-95
1076,d04c453461a77b342fea9d1fec55861399401122,1.2e+17,41a322b28d0ff354040e2cbc676f0320d8c8850d,0x7663d1619f22c430cf8c3bcd67f11b8bcbca6e4cd4215c2716af64c843149316-81
985,d04c453461a77b342fea9d1fec55861399401122,1e+17,41a322b28d0ff354040e2cbc676f0320d8c8850d,0xde8b2a4cc396cfe5068236af78d694d6675b1deba5e927a122fc11f08e0953bd-55
384,ced2662fe30d876bef52f219eeac67e2b328effc,1e+17,41a322b28d0ff354040e2cbc676f0320d8c8850d,0x560c8cf8471fc07bea617d6a85174a45806719c6ff4b43b83e14e9fcb7e3b888-43
65,55372173689c288552885d897d32f5f706f79aa6,3e+18,41a322b28d0ff354040e2cbc676f0320d8c8850d,0x4571b23dbb43ecfb5ca824fbbf973e9c82cf90e9c4041b824291473bd1a200ab-75
1134,10017ca37b1257ac0771e24652aa28c758e378eb,9e+17,41a322b28d0ff354040e2cbc676f0320d8c8850d,0xdab42d6bfb888cffe2376bd9da32e57386237547986e212b097aa2522b74ca14-32
1121,10017ca37b1257ac0771e24652aa28c758e378eb,3.5e+17,41a322b28d0ff354040e2cbc676f0320d8c8850d,0xc3e3222f7ae87fcc870e6f4ca2e4606e391b3e6ae5a8b4ab1cd2cda7c6758a40-85
1096,10017ca37b1257ac0771e24652aa28c758e378eb,5.5e+17,41a322b28d0ff354040e2cbc676f0320d8c8850d,0x3db5ffb7cb7fc4477a5580a4fe41cbc7dbd787dfc2218c5598a4c162fdce3d0b-125
1094,10017ca37b1257ac0771e24652aa28c758e378eb,1e+18,41a322b28d0ff354040e2cbc676f0320d8c8850d,0x3db5ffb7cb7fc4477a5580a4fe41cbc7dbd787dfc2218c5598a4c162fdce3d0b-126
581,10017ca37b1257ac0771e24652aa28c758e378eb,3e+17,41a322b28d0ff354040e2cbc676f0320d8c8850d,0x34f81d6f95ce9f97fddfbff3b765c9e0a10e65bac165c80036e9d88b1e5fa515-48
1134,10017ca37b1257ac0771e24652aa28c758e378eb,1.45e+18,41a322b28d0ff354040e2cbc676f0320d8c8850d,0xa847c708ab2b526a6f3fd78ebca17688322131c5c13f2c98a90aea9d67634c36-82
1144,10017ca37b1257ac0771e24652aa28c758e378eb,7e+17,41a322b28d0ff354040e2cbc676f0320d8c8850d,0xd4a25b5fbc04c04edcdcdb7d9160d7bfaa733cfb0585094bf6f7658d810560d5-72
1107,10017ca37b1257ac0771e24652aa28c758e378eb,3.5e+17,41a322b28d0ff354040e2cbc676f0320d8c8850d,0x30d6e16b21319d5864d179129a8288cd1e5bd6bdfc2b00fce77b94deac679935-116
1009,92fab452e2f14c7730f79031906e06326c916946,2e+17,41a322b28d0ff354040e2cbc676f0320d8c8850d,0xa48c8e6b3717c6e8bac3ee7bd5d1d21e9b149eac0b5a1bae33fd81684ebcbde9-2
1154,92fab452e2f14c7730f79031906e06326c916946,1e+17,41a322b28d0ff354040e2cbc676f0320d8c8850d,0xf0bc886a929499d8dda0244c88fa8dd7482f7b42aa60872246c6308491079635-14
1094,10017ca37b1257ac0771e24652aa28c758e378eb,1.1e+16,41a322b28d0ff354040e2cbc676f0320d8c8850d,0x300ae902e0a6b0c0c5aa9b7e5f224053c43b8f8f8b1c0f7b424524d432f1cbf3-120
954,662ec70531509df61c8c8e44650c203f0ab79466,7e+17,41a322b28d0ff354040e2cbc676f0320d8c8850d,0x79ba1c10520bdd4d2fff901100e6d48e223fd0ce2bf0b56a0a603ee2cad29e60-26
1055,77350e1152efd5f2d807a6124015c629a907155e,3e+17,41a322b28d0ff354040e2cbc676f0320d8c8850d,0x0e0cedbbfb2cee287d2a799634e26869f5fdd1a6addf367f5bf6717714a5dc4c-15
123,eb761b8d104e2c573fd0153e3e14b6055338e749,4e+16,41a322b28d0ff354040e2cbc676f0320d8c8850d,0x4c0c682fdc77a28bc74cf53b568c77831777231798a7cb1407651e68e318bddd-101
908,7dec37c03ea5ca2c47ad2509be6abaf8c63cdb39,5.4e+17,41a322b28d0ff354040e2cbc676f0320d8c8850d,0x4ac8437bb57132b124765be614cc6cfb40388777acd810df0fc8cf82472e03f3-3
123,eb761b8d104e2c573fd0153e3e14b6055338e749,1.2e+17,41a322b28d0ff354040e2cbc676f0320d8c8850d,0x6f86f9db6cffb28e4829af996a070be602b57e95e33aaaaa30c3bdcc7d3507fa-48
123,eb761b8d104e2c573fd0153e3e14b6055338e749,2e+17,41a322b28d0ff354040e2cbc676f0320d8c8850d,0xe8f8f6cbad431051945477dde6576ac1c190628cf9bc73e118fbfa751aa0a037-117
1172,576a655161b5502dcf40602be1f3519a89b71658,3e+17,41a322b28d0ff354040e2cbc676f0320d8c8850d,0xc547b70152cfb3ce4218c68ecf472a68533d926fdf4c11c88fc8b82e41ce8689-31
1172,10017ca37b1257ac0771e24652aa28c758e378eb,4e+17,41a322b28d0ff354040e2cbc676f0320d8c8850d,0xc87e29eb7491f78faef7024ad2c630f8e388b03b3bedc854bd870da4739d8fb1-68
255,89c5dca00b9bf5ad746b91ec911c56cb4aee17f0,5e+17,41a322b28d0ff354040e2cbc676f0320d8c8850d,0x674000fde3a287625f926c1291b4189e553f64fd472c2f813b1571707616b6a2-95
1228,10017ca37b1257ac0771e24652aa28c758e378eb,6e+17,41a322b28d0ff354040e2cbc676f0320d8c8850d,0xcb9b243f8c6e2c644f8f583a61b390cb43befe891e789ad0e9a8ac11f16048b2-94
784,d0c877b474cd51959931a7f70d7a6c60f50cdae7,1.5e+17,41a322b28d0ff354040e2cbc676f0320d8c8850d,0x116d6d304fec9bd09c29d3f85f443c9475328ae1b7c50ba15e8bcda561aa7aa6-212
1000,f8b32d30ac6ab3030595432533d7836fd76b078d,1e+15,41a322b28d0ff354040e2cbc676f0320d8c8850d,0x82371081f782e6f6865afb7ea5e056e29152c29368d7681a093acc1dc8326f20-164
1263,10017ca37b1257ac0771e24652aa28c758e378eb,3.5e+17,41a322b28d0ff354040e2cbc676f0320d8c8850d,0xb86d9cdbdbce4f7fb0a62ff37c1753604c3311731e0ad081389a84d27aec3af1-93
1096,10017ca37b1257ac0771e24652aa28c758e378eb,10000000000000,41a322b28d0ff354040e2cbc676f0320d8c8850d,0x7dc0d59abf664347c57114c90477215f88b45780ca0e6656d4a686aef46bd912-154
1094,10017ca37b1257ac0771e24652aa28c758e378eb,10000000000000,41a322b28d0ff354040e2cbc676f0320d8c8850d,0x48f8297ab1eabf41d9fc591636f1bf207b644a20b9ad01b9989fc9dcf9f9b5c0-142
231,5a5ae82fce3fd9eb406473fc42dd1112acb6e32d,1e+18,41a322b28d0ff354040e2cbc676f0320d8c8850d,0xf51ac9d26eaad76360f2781119dea91f95abb17b22f1fc829b7166a6aac0e8bf-108
269,5a5ae82fce3fd9eb406473fc42dd1112acb6e32d,1.8e+18,41a322b28d0ff354040e2cbc676f0320d8c8850d,0xd9cac389d1e8ad919ceab11a9b369465ebf09f18e988d37dea9f84b08893480c-93
858,92fab452e2f14c7730f79031906e06326c916946,2e+17,41a322b28d0ff354040e2cbc676f0320d8c8850d,0x55a7f397bede8b2d6a732bee284aa52438e2be8730b045bd6f2b188034161d65-65
115,7f67e80272d6349a70acd0a6d0dc169292431020,7e+16,41a322b28d0ff354040e2cbc676f0320d8c8850d,0xb3f4ec7818e7cd93876557380fa2914c0ed73a4d7675fcd1cf8f4995723561ae-77
48,dc19d539369c3da9172de453c05bc503c9ac6bc2,7.5e+17,41a322b28d0ff354040e2cbc676f0320d8c8850d,0x7d34cb5868bb251952b014044906f17b4c4c09a98ab0c28993ad4e318b6adc6d-64
53,7c2583ba2d3867ae5e02acbc099715479f18b144,4.2000000000001e+17,41a322b28d0ff354040e2cbc676f0320d8c8850d,0xcb41635869e2616c3f4010feb6df5b3a7927d7e0ca593c5f0dd14098b7702cf8-118
1414,10017ca37b1257ac0771e24652aa28c758e378eb,2e+18,41a322b28d0ff354040e2cbc676f0320d8c8850d,0x491c7ff9f992aa30924781e2f61a333c13271ae18825cea2b33bbb1a36e9c6dc-68
735,65593b011d6c1726e02bfa17f1370aa3c5f95bb0,5e+16,41a322b28d0ff354040e2cbc676f0320d8c8850d,0x0c163b970afb731f09122e979105ec2c43e10b48665079158f5f42ed20306cc9-90
1229,65593b011d6c1726e02bfa17f1370aa3c5f95bb0,5e+16,41a322b28d0ff354040e2cbc676f0320d8c8850d,0xcb48e140bd3b22a9cbc2ab5387771fadc9bcf6fa5fc59c39b90df3298883c107-23
1113,65593b011d6c1726e02bfa17f1370aa3c5f95bb0,5e+16,41a322b28d0ff354040e2cbc676f0320d8c8850d,0x3b73dc3b4c3f1168de5c10d294d2e790a74b35ebf1c954b753256895bbfe4ba1-65
772,51c3016d6699480ec6becdf2155079c27ebae040,1e+17,41a322b28d0ff354040e2cbc676f0320d8c8850d,0xa24247ee6391e2e71aba6e064d3888cc76ccb5206d720b4310b7cab6391b6ec3-61
1283,51c3016d6699480ec6becdf2155079c27ebae040,1e+17,41a322b28d0ff354040e2cbc676f0320d8c8850d,0xa24247ee6391e2e71aba6e064d3888cc76ccb5206d720b4310b7cab6391b6ec3-117
722,51c3016d6699480ec6becdf2155079c27ebae040,1e+17,41a322b28d0ff354040e2cbc676f0320d8c8850d,0xde80249fe02923a978ee894b2a3084949ecc8190290ac56f7b98dfd30390d739-94
722,51c3016d6699480ec6becdf2155079c27ebae040,1e+17,41a322b28d0ff354040e2cbc676f0320d8c8850d,0xfd89568c8be5ba275c39094d65810f98f4b414dca6300a7a7d9cbfa1574158eb-19
16,51c3016d6699480ec6becdf2155079c27ebae040,3e+17,41a322b28d0ff354040e2cbc676f0320d8c8850d,0xfd89568c8be5ba275c39094d65810f98f4b414dca6300a7a7d9cbfa1574158eb-20
1458,51c3016d6699480ec6becdf2155079c27ebae040,2.5e+17,41a322b28d0ff354040e2cbc676f0320d8c8850d,0xfd89568c8be5ba275c39094d65810f98f4b414dca6300a7a7d9cbfa1574158eb-21
29,10017ca37b1257ac0771e24652aa28c758e378eb,2.2e+18,41a322b28d0ff354040e2cbc676f0320d8c8850d,0xe7ee4d84fb8905b34d94a5a0f4f821114ce5d9dd3af4c2bfeec47b22e5ab0e25-49
91,10017ca37b1257ac0771e24652aa28c758e378eb,2.2e+18,41a322b28d0ff354040e2cbc676f0320d8c8850d,0xcd41fc9eb82e22b3188bc22f0c0c3fa5b37563049706883c15f7f8e4ac2c2b86-44
1376,10017ca37b1257ac0771e24652aa28c758e378eb,1.2e+18,41a322b28d0ff354040e2cbc676f0320d8c8850d,0xfdbb06cea5cb1ecdc03ee104e5e63c8a122f458210f0abbcdee3f34d9d833e1c-99
1498,7672b17d5eebb7194d57066f86fbcb4e85a7e10e,2e+17,41a322b28d0ff354040e2cbc676f0320d8c8850d,0x1e42535041cd48c3b6764bcd682ea05fd41fb9d17681d409b09890e0df45d173-35
135,10017ca37b1257ac0771e24652aa28c758e378eb,5e+18,41a322b28d0ff354040e2cbc676f0320d8c8850d,0xd71967698e4aa73e02e36a399bf5760b9bd09344139b4366d3461e7270661849-16
583,10017ca37b1257ac0771e24652aa28c758e378eb,9e+17,41a322b28d0ff354040e2cbc676f0320d8c8850d,0x9d4ece05a50e4ab1343b570f1f12703736a6a1c2238ae9804eebc5d1ba145eb9-117
135,10017ca37b1257ac0771e24652aa28c758e378eb,7e+18,41a322b28d0ff354040e2cbc676f0320d8c8850d,0x91288f188b64f48ccb24d61a0d7a24d7626737219950bb9c7ec4c77d7c86e25b-125
1160,b3007ff3c3f40bdf0126fec7c8e43c3fc50ea813,1.5e+17,41a322b28d0ff354040e2cbc676f0320d8c8850d,0xe996fa0a345e93449a3035abfc4aa542b9dcc35b0be26845e71b281399f023e9-80
135,10017ca37b1257ac0771e24652aa28c758e378eb,8e+18,41a322b28d0ff354040e2cbc676f0320d8c8850d,0x3204eeab3bdb4ff0f44ecab118a3ea9a2be0e927a12c8a04a075f146e9ecf771-38
1214,7f67e80272d6349a70acd0a6d0dc169292431020,2e+17,41a322b28d0ff354040e2cbc676f0320d8c8850d,0xa979773a8af8e7324d07279f185e12d86d123749ccb2c0de717e299af50c472b-60
135,10017ca37b1257ac0771e24652aa28c758e378eb,6.7e+18,41a322b28d0ff354040e2cbc676f0320d8c8850d,0xa0969e0dd271cd3af4edfb55c109a616862bf944186f848380953124af4f271c-77
583,10017ca37b1257ac0771e24652aa28c758e378eb,1.3e+18,41a322b28d0ff354040e2cbc676f0320d8c8850d,0xa0969e0dd271cd3af4edfb55c109a616862bf944186f848380953124af4f271c-82
583,10017ca37b1257ac0771e24652aa28c758e378eb,1.8e+18,41a322b28d0ff354040e2cbc676f0320d8c8850d,0x83c867db55f8b11d13d8432f65ed3d5282d61b5f38b329cb63c94ea289c5e0f9-53
135,10017ca37b1257ac0771e24652aa28c758e378eb,6.2e+18,41a322b28d0ff354040e2cbc676f0320d8c8850d,0xaf8f4d42c3e6f71826d342d098e878006c4b6f25de68ea1e2d6b1873fdc68784-43
1534,10017ca37b1257ac0771e24652aa28c758e378eb,1.25e+18,41a322b28d0ff354040e2cbc676f0320d8c8850d,0x46fce0b5e157923daa6e362fcf1fb5569081d9e4708e0bcf533cdde95969295c-45
135,10017ca37b1257ac0771e24652aa28c758e378eb,8e+18,41a322b28d0ff354040e2cbc676f0320d8c8850d,0xe7fe0c34ec27b3fc91e5b09156d2add1dbecd316806bf9e975f3d3f7c7716c01-108
135,10017ca37b1257ac0771e24652aa28c758e378eb,9e+18,41a322b28d0ff354040e2cbc676f0320d8c8850d,0x9dd41d5e4b19099858cfe380965213b349f1113becb2392bda4dcd1776051723-74
1311,b3007ff3c3f40bdf0126fec7c8e43c3fc50ea813,2e+17,41a322b28d0ff354040e2cbc676f0320d8c8850d,0xf079b38392699865d030f0af381e2428225645785ed50e005e9b91ca1fe3f518-44
1445,b3007ff3c3f40bdf0126fec7c8e43c3fc50ea813,2e+17,41a322b28d0ff354040e2cbc676f0320d8c8850d,0x974107aebe898c76af45fed916c5cf224b9e31d1ebe88ec0ef00761c5bda7687-60
583,10017ca37b1257ac0771e24652aa28c758e378eb,1.5e+18,41a322b28d0ff354040e2cbc676f0320d8c8850d,0xb0f40ec466b63080a4e0c0e49f4123519cbfd9880b4a083044f18b03b801eb71-30
1535,10017ca37b1257ac0771e24652aa28c758e378eb,1.65e+18,41a322b28d0ff354040e2cbc676f0320d8c8850d,0xef76b6db57e6a5c1181b6a8cbc7425f3dd69180fdc4d64e059f1b4dae520fbf4-72
1537,10017ca37b1257ac0771e24652aa28c758e378eb,1.85e+18,41a322b28d0ff354040e2cbc676f0320d8c8850d,0xd94d75e68320110c84f9957f7109a03c0e828135aca6bac12563e232abbe82a1-7
1534,10017ca37b1257ac0771e24652aa28c758e378eb,1.25e+18,41a322b28d0ff354040e2cbc676f0320d8c8850d,0xf99a22be1620e8ae4dbf47e66603087a7247d1802c5ac5aa367a3dfa6ae71a77-75
1598,10017ca37b1257ac0771e24652aa28c758e378eb,5e+17,41a322b28d0ff354040e2cbc676f0320d8c8850d,0xa56e998bba60e6ed160f737f3fa7beb039862f3d00334b9871d3d02f15baa7cc-37
1169,66f174184b24b3dafa63c4c716c4fb9d251d598e,1.25e+17,41a322b28d0ff354040e2cbc676f0320d8c8850d,0x26a79316ee99038b69b231fe1fc3c63444458592960162d4ca5a1d79ba26f810-44
1643,25981260dd48274abb39d48ed3cd96384522c217,5e+17,41a322b28d0ff354040e2cbc676f0320d8c8850d,0x81c7496817f750b8f63059051f223c4b4f60236e9b976c420824b4b92235ab04-109
1063,baba92b7822a56c05554ab5d1bc1d0b7e212499d,3e+17,41a322b28d0ff354040e2cbc676f0320d8c8850d,0x1007cb30c6a7778330c81cc037f53e0af88dc700bcddad634bffc64d0fd3316d-32
798,baba92b7822a56c05554ab5d1bc1d0b7e212499d,3e+17,41a322b28d0ff354040e2cbc676f0320d8c8850d,0x6275404b7cc964749bb94e34cb56f76bc6019454592a5bc61fe9111d394d8fe3-17
1465,baba92b7822a56c05554ab5d1bc1d0b7e212499d,3.5e+17,41a322b28d0ff354040e2cbc676f0320d8c8850d,0x0ab33d4136904a56b837cb5575feff19229aa986e45cb2b032a50f0fb392164e-52
1647,baba92b7822a56c05554ab5d1bc1d0b7e212499d,3e+17,41a322b28d0ff354040e2cbc676f0320d8c8850d,0xc765900795cecfd5dea8d9519d5bb050ec3961c9206917fb7288c66facd02abe-67
964,01cb023186cab05220554ee75b4d69921dd051f1,4e+17,41a322b28d0ff354040e2cbc676f0320d8c8850d,0x3db6c3351b6638d0e4ffc81b9c0c980fe553eb270668e50ce50f8e6fcf2e120e-4
34,b6b32ac9499921c86e191a5113779e4ebc3da958,1e+17,41a322b28d0ff354040e2cbc676f0320d8c8850d,0x0c9fe7b345de4adc512742e00e0edb21e65450f33488b1416c5a2e5da88a2a5a-28
706,10017ca37b1257ac0771e24652aa28c758e378eb,1.25e+18,41a322b28d0ff354040e2cbc676f0320d8c8850d,0x3f2ddc71f57e32449f45eb0f27cc26804bf75b6dc72ba210ba4f23c8e8de3d3b-16
1454,10017ca37b1257ac0771e24652aa28c758e378eb,3e+17,41a322b28d0ff354040e2cbc676f0320d8c8850d,0x9c99960c3bff6b044e72c61f7739d8b2866a82f156cda2bae2775f8cb6785f36-108
1672,10017ca37b1257ac0771e24652aa28c758e378eb,4.5e+17,41a322b28d0ff354040e2cbc676f0320d8c8850d,0x8755b183aae252b39df663a0a338e6669e6c251ae18bc1901b12a0ec20b664da-43
1672,10017ca37b1257ac0771e24652aa28c758e378eb,4.5e+17,41a322b28d0ff354040e2cbc676f0320d8c8850d,0xefb1d3c9fd632fc425c071dd64dbc3cabde00b83cb04eeca964c117eaac9492f-48
1689,10017ca37b1257ac0771e24652aa28c758e378eb,6.5e+17,41a322b28d0ff354040e2cbc676f0320d8c8850d,0x04277a258cafa0eea0a49309c6e1eeffd18452180c1db27a93ba498d86eedb2e-77
1689,10017ca37b1257ac0771e24652aa28c758e378eb,1e+17,41a322b28d0ff354040e2cbc676f0320d8c8850d,0x536ee2568bad0cee02786ead253d9009975035464d09dce2860d7a9679fcee2e-56
1672,10017ca37b1257ac0771e24652aa28c758e378eb,1e+17,41a322b28d0ff354040e2cbc676f0320d8c8850d,0x958e5380b4d99c4ff5fb9baa0ab344e8ea627f916b116ec272626f133b573b7e-43
1454,10017ca37b1257ac0771e24652aa28c758e378eb,1e+17,41a322b28d0ff354040e2cbc676f0320d8c8850d,0xd2d54de1d23f388c9f0dc1310313a28936d613cbc68b6ea1aeac235481638b2f-56
1174,10017ca37b1257ac0771e24652aa28c758e378eb,2.5e+17,41a322b28d0ff354040e2cbc676f0320d8c8850d,0xbfdea45cf7d343d87f7693f75796d00088b58c4094447ce6c8a0a680362df8bf-42
1384,e5213d0a7ededd98d06524888b6cbc8624cf7be2,3e+17,41a322b28d0ff354040e2cbc676f0320d8c8850d,0x0632146dc79f9ad2d3fcfe5060de748c9e4c22309bbe4ed4ef4c842c65b26238-88
1433,e5213d0a7ededd98d06524888b6cbc8624cf7be2,1.6e+17,41a322b28d0ff354040e2cbc676f0320d8c8850d,0x933007a3e2ec03b2be6e87efb5b5a38a51feba8febcb35d4e3995392504eda12-23
1692,10017ca37b1257ac0771e24652aa28c758e378eb,3.5e+17,41a322b28d0ff354040e2cbc676f0320d8c8850d,0x716c8df1435e198dc3bf1888422cc7aa68d030f11672c561220ffd3a775f55ba-44
1719,10017ca37b1257ac0771e24652aa28c758e378eb,3.5e+17,41a322b28d0ff354040e2cbc676f0320d8c8850d,0xc3f40ef95d7e870b0dc74a4c97f2b7746a720929edd76f3e55bca38ea626bc96-4
825,576a655161b5502dcf40602be1f3519a89b71658,1e+17,41a322b28d0ff354040e2cbc676f0320d8c8850d,0xc4804e95ccfe5d39b4fd92d1add98450b29819b042ab6ba18f555bc18b9acffd-67
750,e64b9a2ccd29c4b815442adb6fec216eb8426c10,3.5e+17,41a322b28d0ff354040e2cbc676f0320d8c8850d,0x096f5e5ab64b620727dfb79f325b9787f61a8ca688ddee246ef12b6df756d5ff-124
750,e64b9a2ccd29c4b815442adb6fec216eb8426c10,4e+17,41a322b28d0ff354040e2cbc676f0320d8c8850d,0x9dd56a231d9f6a0750a7b1cd6a9e2882214ead11660c9d39939a3a84e8b4c5b8-84
1759,e64b9a2ccd29c4b815442adb6fec216eb8426c10,2e+17,41a322b28d0ff354040e2cbc676f0320d8c8850d,0x9039374f50f74e69e1b5c2a262208b1eea0bd30f065c9e953d7f8c4632ffcbb5-132
1759,e64b9a2ccd29c4b815442adb6fec216eb8426c10,4e+17,41a322b28d0ff354040e2cbc676f0320d8c8850d,0x119b42650aead982df2ce9740f0bc46276d4a0ca46651d361af78935aeb9eb8d-58
800,337101def3eeb6f06e071efe02216274507937bb,3e+17,41a322b28d0ff354040e2cbc676f0320d8c8850d,0xa1ef31f32f1d11c97f59529ba91c18b42b529431b9d0e4504d117c39609255b6-101
1585,baba92b7822a56c05554ab5d1bc1d0b7e212499d,3e+17,41a322b28d0ff354040e2cbc676f0320d8c8850d,0x44d10cf17a45329852ac12a7a426ba13b1dc4aa916dadc7350dc3834cb460df2-75
1130,baba92b7822a56c05554ab5d1bc1d0b7e212499d,2e+17,41a322b28d0ff354040e2cbc676f0320d8c8850d,0x44eab64346864b1f30ed0df667e167f660cf697dd085d603cfb3033fae6833ec-52
60,baba92b7822a56c05554ab5d1bc1d0b7e212499d,6e+17,41a322b28d0ff354040e2cbc676f0320d8c8850d,0xb9913d4bc57510f2fd7d7405c9603a3df70b3de47f5718924866ca993819a081-88
1629,baba92b7822a56c05554ab5d1bc1d0b7e212499d,3e+17,41a322b28d0ff354040e2cbc676f0320d8c8850d,0x3311defb2a1930e4a12f6fac4ce9486dfe46bcb381f3cadfe425376268ae35a3-152
1100,7672b17d5eebb7194d57066f86fbcb4e85a7e10e,2.5e+17,41a322b28d0ff354040e2cbc676f0320d8c8850d,0xa0ef03c085ea1cf86ef7060049ee16e45cd6236a65c9272bf398a0acb964c2c1-59
1782,b3007ff3c3f40bdf0126fec7c8e43c3fc50ea813,2.5e+17,41a322b28d0ff354040e2cbc676f0320d8c8850d,0x48f924c5ceefd7b78871850c2f89d1040bab2b16531fa8ddf20f9f79fdc0afb6-21
1773,10017ca37b1257ac0771e24652aa28c758e378eb,3.6e+17,41a322b28d0ff354040e2cbc676f0320d8c8850d,0x27d8f965550b4956695884127145472f812ab224f494524688ff2dd9b603919d-27
1795,b3007ff3c3f40bdf0126fec7c8e43c3fc50ea813,2.5e+17,41a322b28d0ff354040e2cbc676f0320d8c8850d,0x1440b6e3d26af900b9f6083bc8ef9fb1daffd0e430b9f50014e9731330dfc77d-46
1781,b3007ff3c3f40bdf0126fec7c8e43c3fc50ea813,2.5e+17,41a322b28d0ff354040e2cbc676f0320d8c8850d,0xb257d12a6628fceb04cf523d3631af90f35b761747642966340869cbb013dd5c-38
1778,b3007ff3c3f40bdf0126fec7c8e43c3fc50ea813,2.5e+17,41a322b28d0ff354040e2cbc676f0320d8c8850d,0xf0e9fa59e67940f9d480fd8481616a76a8862f0bfef98ca12f203ef04d7a5618-11
1670,2f6c9365f7b6e74fa301425bbc766e549d4f5108,2e+17,41a322b28d0ff354040e2cbc676f0320d8c8850d,0x980b269eec73d86bd2a7ffd827c767556b1d15699a9d3ac488cf366421246b0f-29
1755,2f6c9365f7b6e74fa301425bbc766e549d4f5108,1.5e+17,41a322b28d0ff354040e2cbc676f0320d8c8850d,0xab5638cb1a7c484d8abc7d2fb12a119b0647aa18bd5bc426c5a7dfc692db6010-66
1599,2f6c9365f7b6e74fa301425bbc766e549d4f5108,3e+17,41a322b28d0ff354040e2cbc676f0320d8c8850d,0xc4690a2ad173269c87808172e91e803f8e4a914975f09097813e45e6c3e557d4-75
843,66f174184b24b3dafa63c4c716c4fb9d251d598e,1.1e+17,41a322b28d0ff354040e2cbc676f0320d8c8850d,0x906c7540a42c9958792da933618cc5ed0abc3861026322ac44ff2d4ea1a94977-66
1791,b3007ff3c3f40bdf0126fec7c8e43c3fc50ea813,2.5e+17,41a322b28d0ff354040e2cbc676f0320d8c8850d,0x913b9c1ea0b3bdc44bf4d88b7c261a7f2556c5fb97a84c0718013eab2819773a-10
1803,7672b17d5eebb7194d57066f86fbcb4e85a7e10e,1.5e+17,41a322b28d0ff354040e2cbc676f0320d8c8850d,0x49f855172bbfb53c02eb2d56503172960a8e05b8a5010d9370b817463de5f6f8-2
825,576a655161b5502dcf40602be1f3519a89b71658,1.5e+17,41a322b28d0ff354040e2cbc676f0320d8c8850d,0x66d6c62c0a9999fc90edcbd8a5652c5c1f82d2e2b97fb01f26ed09d07be3146d-41
1824,7672b17d5eebb7194d57066f86fbcb4e85a7e10e,2e+17,41a322b28d0ff354040e2cbc676f0320d8c8850d,0x864d292d5cdef00376db9e2c73fe9bcb433ed211a6ddf3223b1215b6f9b09320-40
1000,b394f1aa30ba874df3ae6097bf4c2474b2d8f3ac,1e+17,41a322b28d0ff354040e2cbc676f0320d8c8850d,0x447ef827bc4001c693812143448fafa9a6ce363d85ab0d00d99316a41a56d6e1-36
1637,baba92b7822a56c05554ab5d1bc1d0b7e212499d,2e+17,41a322b28d0ff354040e2cbc676f0320d8c8850d,0xa09648474280cce6742f305ad90e40dcbb8c3bd47bf946129f8eeca157de4100-115
1676,baba92b7822a56c05554ab5d1bc1d0b7e212499d,3e+17,41a322b28d0ff354040e2cbc676f0320d8c8850d,0x2a51ae2e5db126ac220450ba5686dfe9cd5e5171e262cbe02d2294a7db433af0-29
803,66f174184b24b3dafa63c4c716c4fb9d251d598e,1.2e+17,41a322b28d0ff354040e2cbc676f0320d8c8850d,0xd0c97e0ab13eb1d4ea2607bac29c9e110062b61c42084dc0560a698003512e78-25
1640,baba92b7822a56c05554ab5d1bc1d0b7e212499d,3e+17,41a322b28d0ff354040e2cbc676f0320d8c8850d,0xb5e524accd356dbbd50958ffbd70aeae54c264afcf13b3e6d08e53e3f4ead292-80
703,baba92b7822a56c05554ab5d1bc1d0b7e212499d,5e+17,41a322b28d0ff354040e2cbc676f0320d8c8850d,0x8ddc87bc30f2ec57996b47e3aa48ccb29c619474daa3083790b8095e1cf05cab-76
1641,baba92b7822a56c05554ab5d1bc1d0b7e212499d,3e+17,41a322b28d0ff354040e2cbc676f0320d8c8850d,0xb2d0516a055084a9eb9f3a3d6438779175daf2bd5b39e241cfd2df632840f144-42
1722,baba92b7822a56c05554ab5d1bc1d0b7e212499d,3.75e+17,41a322b28d0ff354040e2cbc676f0320d8c8850d,0xceaf0dcfdb9b7344d208908dffe1f89eadfde3e2ae8e1e8d036cf57da33b9389-36
1623,baba92b7822a56c05554ab5d1bc1d0b7e212499d,4e+17,41a322b28d0ff354040e2cbc676f0320d8c8850d,0xc75f5bc3f0b0dd681c265ad7007c904441421ae5f5c556d799ddb99122961d20-14
593,baba92b7822a56c05554ab5d1bc1d0b7e212499d,4e+17,41a322b28d0ff354040e2cbc676f0320d8c8850d,0xc75f5bc3f0b0dd681c265ad7007c904441421ae5f5c556d799ddb99122961d20-15
606,baba92b7822a56c05554ab5d1bc1d0b7e212499d,5e+17,41a322b28d0ff354040e2cbc676f0320d8c8850d,0xc7fbfd2e3d480b16374f8e0c42b4af8eaad4aa51386eeac0156951a1302599c9-16
1723,b3007ff3c3f40bdf0126fec7c8e43c3fc50ea813,2e+17,41a322b28d0ff354040e2cbc676f0320d8c8850d,0x9ba28621bd806c699732f4397b52c71d57b75a4237c863df76c06407de60806e-86
788,576a655161b5502dcf40602be1f3519a89b71658,1.5e+17,41a322b28d0ff354040e2cbc676f0320d8c8850d,0xf92e53290c031f4d311a63d146c697cb60bd221f9032ca5748e92464727e839b-39
1768,6853a596d6d7264d3622546da3b891b6fe17eb82,2.4e+17,41a322b28d0ff354040e2cbc676f0320d8c8850d,0x0cf726ab97876c8952a1ccfbfd403026db0bbc70fe22c4918368e6a3826c2309-141
1834,b3007ff3c3f40bdf0126fec7c8e43c3fc50ea813,2e+17,41a322b28d0ff354040e2cbc676f0320d8c8850d,0x02792471cdcbf4048b635b6e9a720756616b4981eaa6fd0f979b79bded072158-69
1283,10017ca37b1257ac0771e24652aa28c758e378eb,6.5e+17,41a322b28d0ff354040e2cbc676f0320d8c8850d,0xaa9ee60eebe3f6f0b87df0d0738f3f0d0c06bb2835ebb85eff0712798171c89c-11
1763,335e19b3f5dcfa2e398ee7d5ff430a1f8ccc88b2,5e+17,41a322b28d0ff354040e2cbc676f0320d8c8850d,0xb2590b2b15453069ee90638fe7f000fcdebb78e3bade1fb9b359b3ed8d25876a-17
1833,576a655161b5502dcf40602be1f3519a89b71658,2e+17,41a322b28d0ff354040e2cbc676f0320d8c8850d,0xbc3406dbadf1dbb29c25fa7c36630bbdf0d6f08d870ba5c33cf660233fc1d9d2-93
1113,b394f1aa30ba874df3ae6097bf4c2474b2d8f3ac,7.5e+17,41a322b28d0ff354040e2cbc676f0320d8c8850d,0x435c3f3232c3345db5e346f20136ee008e662c1549be44c7e9fb5f9643530747-24
1825,b394f1aa30ba874df3ae6097bf4c2474b2d8f3ac,2e+17,41a322b28d0ff354040e2cbc676f0320d8c8850d,0x783adb09de9cfb77bea286735958f330c7520198414a3c9b6bf5fb90b8a7d12e-87
1893,10017ca37b1257ac0771e24652aa28c758e378eb,5e+17,41a322b28d0ff354040e2cbc676f0320d8c8850d,0xd7e068948585b661d45810b95819db1fed5e2cf3fe7a3b69765acf0c56886855-64
1778,10017ca37b1257ac0771e24652aa28c758e378eb,1e+18,41a322b28d0ff354040e2cbc676f0320d8c8850d,0x509bd15e3f5958d5a4ca0339c900dddf5079fcc86ee0186ba1e65206c4130570-12
1825,b394f1aa30ba874df3ae6097bf4c2474b2d8f3ac,6e+17,41a322b28d0ff354040e2cbc676f0320d8c8850d,0x2017df63c18929c3af6c7d5a4f6726f01512f847357bfddfd3e68095989a703f-20
1904,10017ca37b1257ac0771e24652aa28c758e378eb,3e+17,41a322b28d0ff354040e2cbc676f0320d8c8850d,0x4a24f22bc3461f0ee1379fa5aa0ebb3e258cecc4c53924365441d4cec0ffcc27-90
1746,b394f1aa30ba874df3ae6097bf4c2474b2d8f3ac,2e+17,41a322b28d0ff354040e2cbc676f0320d8c8850d,0x38db8748cff2706c4abaede64693c486ab31a6e1f04e7de9da7d2e08a8139434-21
1911,576a655161b5502dcf40602be1f3519a89b71658,1e+17,41a322b28d0ff354040e2cbc676f0320d8c8850d,0xef43bc7b9b509d9239f0c5bcd65af4c9674715b546ab814434dc1f1c7064d9dc-110
60,b3007ff3c3f40bdf0126fec7c8e43c3fc50ea813,3.3e+17,41a322b28d0ff354040e2cbc676f0320d8c8850d,0x58b2a5547dda7f4b2cab1274d862f9a1b0a222ee8f9538481d7bc58ed345a9a3-47
1372,bd3cf9496c8374e69dcc3f587c5f4af4b57ce7fb,4.2e+17,41a322b28d0ff354040e2cbc676f0320d8c8850d,0x4de4dd535b961ba0c3b77c47ab7fcd6941a79986a74cca96815b3889e82d038c-41
1812,b3007ff3c3f40bdf0126fec7c8e43c3fc50ea813,4e+17,41a322b28d0ff354040e2cbc676f0320d8c8850d,0x36b4d186bb72d0a7ef3432071e9959b1c79f7a9e357612d670801bbbea93fd1e-112
1414,f8b32d30ac6ab3030595432533d7836fd76b078d,2.3e+17,41a322b28d0ff354040e2cbc676f0320d8c8850d,0x6bd2baee42cc693d091b1dbf034975dad8f115b7f002d8cea8b38e3e1cc3f3c9-104
1939,576a655161b5502dcf40602be1f3519a89b71658,4e+16,41a322b28d0ff354040e2cbc676f0320d8c8850d,0xcc56f690bb31e0bc4ee2a12c50e024454a590fa2f456d9c8de8536976806bbe9-22
1409,335e19b3f5dcfa2e398ee7d5ff430a1f8ccc88b2,2.5e+17,41a322b28d0ff354040e2cbc676f0320d8c8850d,0x62517f03bf0be93c8e856fdb9aff490d8a0f573049ffc6ab8f2ab46f57ac3d2d-13
1944,f8b32d30ac6ab3030595432533d7836fd76b078d,2.3e+17,41a322b28d0ff354040e2cbc676f0320d8c8850d,0xb717539934e1208c5a71997ded20ce07b068dc9a594d0bbd53db2340b390146b-99
1761,baba92b7822a56c05554ab5d1bc1d0b7e212499d,2e+17,41a322b28d0ff354040e2cbc676f0320d8c8850d,0x9888d7ce6fd15c39195ccb61a767297af7b8e7d6a0c78f62e85435699926f33a-63
1699,123d956563261571569233624fbec7c9fe5a0af2,7e+17,41a322b28d0ff354040e2cbc676f0320d8c8850d,0x9a91d497bc790a98f8e40454eea67d48bc1835eb7670298c13f07c53a5f978cc-180
1750,123d956563261571569233624fbec7c9fe5a0af2,6e+17,41a322b28d0ff354040e2cbc676f0320d8c8850d,0x61c3d0aebc06fd00adf2fb5e4c3dd54e6778d39ecea457c98ea7632d41a8ffa1-139
1717,123d956563261571569233624fbec7c9fe5a0af2,8e+17,41a322b28d0ff354040e2cbc676f0320d8c8850d,0x317668cecf9f67b981fb4c71f4a6d95a8ffe326b36499816169796639158a506-147
1906,ec8c1050b45789f9ee4d09dcc7d64aaf9e233338,6e+17,41a322b28d0ff354040e2cbc676f0320d8c8850d,0x0ff328461adc410b2c5ffab210724a00a709e25472a93008bd53d12407af4565-29
703,baba92b7822a56c05554ab5d1bc1d0b7e212499d,4e+17,41a322b28d0ff354040e2cbc676f0320d8c8850d,0xd127f4e1dfdeda2c3c07c66c8e4e19e5d58de4aa2d2c4b70ddf0ea911b3a31af-49
1972,40941f5619974c639fe13fe977fd92805fc10ec3,1.5e+17,41a322b28d0ff354040e2cbc676f0320d8c8850d,0xd82737d422dfcbb3509703182f9436b94c9025833b37d8f7e2aa95554e1ee9a3-83
1949,9a3e204bd2f012122b228fa68bf97539da965d3b,3.1e+17,41a322b28d0ff354040e2cbc676f0320d8c8850d,0xe207d6f61152071e8c6a79ca6cbe52feb3edba30ddce6e1f58f8a01c2c26f564-40
2001,b3007ff3c3f40bdf0126fec7c8e43c3fc50ea813,2e+17,41a322b28d0ff354040e2cbc676f0320d8c8850d,0x49f959c8fa2e55ab5eef0f20f07361b492cef1fc67766165e4c2f7efabaf9618-140
1692,123d956563261571569233624fbec7c9fe5a0af2,1e+18,41a322b28d0ff354040e2cbc676f0320d8c8850d,0xff38ccd056bd985abd7c5f06b492f2430d8e1b81728432ddefa91e7ae6e056e2-64
1719,123d956563261571569233624fbec7c9fe5a0af2,7e+17,41a322b28d0ff354040e2cbc676f0320d8c8850d,0x7e8e85ccb41109b934a720271502cd89d8d087f28e81b1a7d1269fa4359cb109-111
1774,123d956563261571569233624fbec7c9fe5a0af2,8e+17,41a322b28d0ff354040e2cbc676f0320d8c8850d,0xcd23598e46b4cdb42425a626496302b50988b142eea74236a873577165f5cd14-48
1368,b3007ff3c3f40bdf0126fec7c8e43c3fc50ea813,6e+17,41a322b28d0ff354040e2cbc676f0320d8c8850d,0x6efbb5c48d5652ed49c5322cb6b6cf89a193c3826dfa0a52fb3d0ffd0eed43dc-67
1970,b3007ff3c3f40bdf0126fec7c8e43c3fc50ea813,2.5e+17,41a322b28d0ff354040e2cbc676f0320d8c8850d,0x09c98b9d5928de817b00cf313490c0c1fbefcffedf689e3eb7ce7630f49fb3c9-25
74,b3007ff3c3f40bdf0126fec7c8e43c3fc50ea813,2.5e+17,41a322b28d0ff354040e2cbc676f0320d8c8850d,0x9315ca26e66f684f89e237859da54444f91e9d53951c5fb1191dd4c39199c50a-145
960,576a655161b5502dcf40602be1f3519a89b71658,7.5e+16,41a322b28d0ff354040e2cbc676f0320d8c8850d,0x3bd617bfbd62e9956b8bc08693bb67312ade2de3aadf63a74ca2d733921906d0-94
1939,576a655161b5502dcf40602be1f3519a89b71658,9e+16,41a322b28d0ff354040e2cbc676f0320d8c8850d,0xa756d02dedfce506df05f94a7c140b40ac7f0706ef80b1fc3c48b36975a0f0ba-74
1996,40941f5619974c639fe13fe977fd92805fc10ec3,4e+16,41a322b28d0ff354040e2cbc676f0320d8c8850d,0x4e6aa64a0e33754e4b7aec7ab5228160c45d23d3bb004db37a4e691af7c18669-84
1920,baba92b7822a56c05554ab5d1bc1d0b7e212499d,3e+17,41a322b28d0ff354040e2cbc676f0320d8c8850d,0xfbc53fcf8d7e6a59fca69ca223e08baf6d8cca100d051db2341071b1db699bd1-28
1758,2d90331b87246af3a99dfe2672ebd114d887be71,5e+17,41a322b28d0ff354040e2cbc676f0320d8c8850d,0x49fd3c60143966b681ebd47cb870e3ac20321603aa039e502a40d95ea967195e-79
986,2d90331b87246af3a99dfe2672ebd114d887be71,2.5e+17,41a322b28d0ff354040e2cbc676f0320d8c8850d,0x3bc681ebf32934e8c37fd2a2700aab1bd18951da6cf45a32dfb727db24c074cf-125
987,2d90331b87246af3a99dfe2672ebd114d887be71,2.5e+17,41a322b28d0ff354040e2cbc676f0320d8c8850d,0x1752d89ccf53906407750abddd16dc8a8803dbd6ea522d45609e1b492fd443dd-99
1993,f8b32d30ac6ab3030595432533d7836fd76b078d,2.3e+17,41a322b28d0ff354040e2cbc676f0320d8c8850d,0xac6475f40c2b5d5215b67306a57ca5ef9a81923102469cb37f272c4f23100efd-57
1926,576a655161b5502dcf40602be1f3519a89b71658,1.8e+17,41a322b28d0ff354040e2cbc676f0320d8c8850d,0xfcf40ecd96594e25416c25c10c29fa6a132573b17b500fc01beb07bf107ddc02-84
1690,baba92b7822a56c05554ab5d1bc1d0b7e212499d,5e+17,41a322b28d0ff354040e2cbc676f0320d8c8850d,0xbb473e02cccf17752fd0540478cc115ca3a34fbf89d5793d398673c71fb9548d-97
121,baba92b7822a56c05554ab5d1bc1d0b7e212499d,3e+17,41a322b28d0ff354040e2cbc676f0320d8c8850d,0x59180f757e6c9298744b0b4d5987697c2edd7e56233a7e7894bac34a864fba30-108
1724,baba92b7822a56c05554ab5d1bc1d0b7e212499d,2e+17,41a322b28d0ff354040e2cbc676f0320d8c8850d,0x59180f757e6c9298744b0b4d5987697c2edd7e56233a7e7894bac34a864fba30-109
1976,b394f1aa30ba874df3ae6097bf4c2474b2d8f3ac,2.5e+17,41a322b28d0ff354040e2cbc676f0320d8c8850d,0xfd87f4f63512ff1c883df29498f378e9d761f5dc8dd94715ba02dd028eb7e8c9-43
1764,2d90331b87246af3a99dfe2672ebd114d887be71,2.5e+17,41a322b28d0ff354040e2cbc676f0320d8c8850d,0xbb98803b3dba07ef31780a7de4dd8e5faff9c2c661cefba2ede5d0c16b7af8d7-58
2025,2d90331b87246af3a99dfe2672ebd114d887be71,7.5e+17,41a322b28d0ff354040e2cbc676f0320d8c8850d,0x5f37f60b5e3fe9bc192560f4192774f8de546969dbdb81683beb5e44ba104cff-102
1787,576a655161b5502dcf40602be1f3519a89b71658,1e+17,41a322b28d0ff354040e2cbc676f0320d8c8850d,0x1dd2410e7f276fbc2d55f14a951729378fac27bef754254138457e2aab9c90c7-73
1881,576a655161b5502dcf40602be1f3519a89b71658,1e+17,41a322b28d0ff354040e2cbc676f0320d8c8850d,0x29464722c990b41e6505205de940eabe6ad4d5fa0ff2a7db9f8db0aab2554686-45
123,eb761b8d104e2c573fd0153e3e14b6055338e749,3e+17,41a322b28d0ff354040e2cbc676f0320d8c8850d,0xf3263741ad3b5fd2c7ede793dadcfa0d8a69e09d3946ee6179d7c892c59b5cc1-86
1733,f8b32d30ac6ab3030595432533d7836fd76b078d,2.3e+17,41a322b28d0ff354040e2cbc676f0320d8c8850d,0x2ddb61fae4ebeb0b001001df3bfe3353cfc1663113a1a53fd816ff6c383debd2-44
2048,b3007ff3c3f40bdf0126fec7c8e43c3fc50ea813,2e+17,41a322b28d0ff354040e2cbc676f0320d8c8850d,0x31f0af1e02c4e3502746ee471f06f1ea938ab25721fe9aca44bf10367ea47a97-119
1409,9a3e204bd2f012122b228fa68bf97539da965d3b,3.5e+17,41a322b28d0ff354040e2cbc676f0320d8c8850d,0xcbd694cecbc8e4cf38662c56d5c3146fb210cbac95499a7635a8c94acd1290e1-70
2064,1e341aa44c293d95d13d778492d417d1be4e63d5,5e+17,41a322b28d0ff354040e2cbc676f0320d8c8850d,0xbcc3e695d93c13108b0f8f93229681ee1d38c6c71a4c6a189cfad8e516e57168-73
1959,1e341aa44c293d95d13d778492d417d1be4e63d5,7.5e+17,41a322b28d0ff354040e2cbc676f0320d8c8850d,0x81e19e41f818490964aa1f2015af230d9ea712c6e92c5fedda07cfa47f217376-59
2022,2d90331b87246af3a99dfe2672ebd114d887be71,2e+17,41a322b28d0ff354040e2cbc676f0320d8c8850d,0xbcd9b167340eb4f3828d0bc4e87efc13831c6ffa813fbf1b3edc5050424c1dcb-116
1927,b308082a84f0cedabde8f8c019dc28c2140c9822,1e+16,41a322b28d0ff354040e2cbc676f0320d8c8850d,0x9232da7ae2487104c9f79da2c14993a7a674c18ddd3b140b040793751cbc87d4-94
1998,b308082a84f0cedabde8f8c019dc28c2140c9822,1e+16,41a322b28d0ff354040e2cbc676f0320d8c8850d,0x126bfe167aacd62f8f1eac5dbb437b7bb2adb9b07681f9ec0bca3fb307a5d962-104
2078,b3007ff3c3f40bdf0126fec7c8e43c3fc50ea813,3.1e+17,41a322b28d0ff354040e2cbc676f0320d8c8850d,0x6ccd0f166cc96a08e66db9061bd475c97805d7c8cc37e79aee231fde11c0ac69-118
612,5a5ae82fce3fd9eb406473fc42dd1112acb6e32d,1.1e+18,41a322b28d0ff354040e2cbc676f0320d8c8850d,0x8b2d257fc59ede4d130c6010f697bc026ff63ffeaed41fa4e3d6051cc35977a6-147
2093,b3007ff3c3f40bdf0126fec7c8e43c3fc50ea813,2.5e+17,41a322b28d0ff354040e2cbc676f0320d8c8850d,0x4cb5c11d8a89ab8b494b9adb66841dfad43cbb353de97f441fba955a860f2c97-150
2090,b9fc543c9cba9ab4a76a702e25306ae2dd848c2f,1e+17,41a322b28d0ff354040e2cbc676f0320d8c8850d,0x6e9d9d00226375a7c94e965aaa5a725911c647d87baa7a0d9e6acbbb1fcb8106-69
2116,576a655161b5502dcf40602be1f3519a89b71658,2.5e+17,41a322b28d0ff354040e2cbc676f0320d8c8850d,0xe1b2a18aedd421e8d00420105e38be82d3b94a6394d78acc43d1b0f9c8e30c73-110
2027,b2f4b16595e02a9721f97e3e30fb5bbbf73f5f54,4e+17,41a322b28d0ff354040e2cbc676f0320d8c8850d,0x7c57eb1841cbfa39c270b47a7a8414064af044124fe632d3f5a406a6f3d0b201-36
2118,2d90331b87246af3a99dfe2672ebd114d887be71,2e+17,41a322b28d0ff354040e2cbc676f0320d8c8850d,0xb73a03247abeb0be8a8927ccb8780747a0076427a41fdc2335c815b66571267c-35
2141,b3007ff3c3f40bdf0126fec7c8e43c3fc50ea813,2e+17,41a322b28d0ff354040e2cbc676f0320d8c8850d,0x5a3aaee6448851c4cc2bd647ac25042a062513a2ec1485bb9736cc7dd254f2b9-53
2049,10017ca37b1257ac0771e24652aa28c758e378eb,2e+17,41a322b28d0ff354040e2cbc676f0320d8c8850d,0xa2201ddf39b7b2b8451e89e3af6e3210496fc5d56e8c02c6c4ea14dd3116a093-55
2050,10017ca37b1257ac0771e24652aa28c758e378eb,2e+17,41a322b28d0ff354040e2cbc676f0320d8c8850d,0x2abbbd9b0d051306e974760cadde7efd82786e50d98a095fca0b53036c7e6655-114
1944,576a655161b5502dcf40602be1f3519a89b71658,1e+17,41a322b28d0ff354040e2cbc676f0320d8c8850d,0xefcc1bba3dc4c6a8c58f953048e6efa251aa01e93f637adf99188dde2d61a235-41
2178,b394f1aa30ba874df3ae6097bf4c2474b2d8f3ac,2.9e+17,41a322b28d0ff354040e2cbc676f0320d8c8850d,0xb38c9bba85adf6c4290ed87c84b4db9466c56de0bca67815e369714a1c954fb3-48
2194,10017ca37b1257ac0771e24652aa28c758e378eb,3e+17,41a322b28d0ff354040e2cbc676f0320d8c8850d,0x63416153f02ee8aada0034c87773c3ebd7a2c35365928349c3a6f70a4c4de8d7-108
2132,b79ae52e8553151dca9160253e741131dd518071,7e+17,41a322b28d0ff354040e2cbc676f0320d8c8850d,0x1d8e61a3ed1def22797a73509400448770d84fb9e504acb35f25f85931512e18-53
2196,10017ca37b1257ac0771e24652aa28c758e378eb,7.5e+17,41a322b28d0ff354040e2cbc676f0320d8c8850d,0x6170d25ce31ca034a5ae6ec5c8acdc6780c20f60f4ce09f0473a8286a29293fb-56
1539,b79ae52e8553151dca9160253e741131dd518071,4e+17,41a322b28d0ff354040e2cbc676f0320d8c8850d,0x4310d0ec1350119afd8cbc94cb525ff76c664d6e7f32ac67981d8cc052e48e03-31
2162,7ea92dbce5387f8ff480fe5d557abd4c7b09054f,5e+17,41a322b28d0ff354040e2cbc676f0320d8c8850d,0x6ee6a79929bfda411b5d8afb20c30075bddf89098b44a7d212069fc1c5e621ea-35
2232,7ea92dbce5387f8ff480fe5d557abd4c7b09054f,3.5e+17,41a322b28d0ff354040e2cbc676f0320d8c8850d,0x5c425d0bdd7eb3e8ef5711bc978f724435a21217cae4a9a3767516579bd7a872-52
2225,7ea92dbce5387f8ff480fe5d557abd4c7b09054f,5e+17,41a322b28d0ff354040e2cbc676f0320d8c8850d,0xbedce2c09d354a127fbc27788e443e940a9491ac4519a31b98b8696c1337ebdf-118
29,10017ca37b1257ac0771e24652aa28c758e378eb,2.7e+18,41a322b28d0ff354040e2cbc676f0320d8c8850d,0x95743e1aa8503069b281768e789ea64c864443f0e3d0833b97991d2988e686ad-86
2240,77350e1152efd5f2d807a6124015c629a907155e,3.2e+17,41a322b28d0ff354040e2cbc676f0320d8c8850d,0x1572636894920e46cdf8e1ba39f4148d8f5e66038d693fa68b857b15568e8089-32
2171,10017ca37b1257ac0771e24652aa28c758e378eb,1.25e+18,41a322b28d0ff354040e2cbc676f0320d8c8850d,0x7bdfb406b03d000cc1aa8fb3d0ea6923de53aa18610f998ac24f52dfc3f2ef34-111
2311,10017ca37b1257ac0771e24652aa28c758e378eb,1e+17,41a322b28d0ff354040e2cbc676f0320d8c8850d,0x2bf9f831f3ac84c9184a47ef34563dcd00286bc6932c372e4febd90d0e87cb9e-39
2277,10017ca37b1257ac0771e24652aa28c758e378eb,2.5e+18,41a322b28d0ff354040e2cbc676f0320d8c8850d,0x785326b3e5b363c62da34ddb537f18cd81bbd30849b5c4c3fc207cd8862d8008-93
2223,d7e1bc51cd3f30e21b17bab33d77078e3fb7cc26,2.5e+17,41a322b28d0ff354040e2cbc676f0320d8c8850d,0x7143a3381e2b957ebee4dbb47a32626b1bda241c552bc8a4291ea5e21da3e0f1-70
2069,a9f153d96fd06fac8b76759f42ea2f6174ce4e0c,1.45e+18,41a322b28d0ff354040e2cbc676f0320d8c8850d,0x457a846fc43daf165db74420afc27e74dbc04e9c0605fa0332e04be4c8778ece-41
2328,10017ca37b1257ac0771e24652aa28c758e378eb,5e+17,41a322b28d0ff354040e2cbc676f0320d8c8850d,0x9c37fa031dcfc09770f5a1d3da30ff2596df03eacd78599c24bfa3ee7aa9fc35-105
2311,10017ca37b1257ac0771e24652aa28c758e378eb,1.56e+18,41a322b28d0ff354040e2cbc676f0320d8c8850d,0x0f8e7e99a89671d70e840e79186f63d4df18fd720fe7831031cb63c32f6db653-48
2348,10017ca37b1257ac0771e24652aa28c758e378eb,3.5e+17,41a322b28d0ff354040e2cbc676f0320d8c8850d,0x053a9f5b067270def9cc0f3779a07ffbe1460f5b4719d2bbcc6a42449b8d5381-43
2329,974108626da1c3972f57d8d98a7793d3f378d3c7,5e+16,41a322b28d0ff354040e2cbc676f0320d8c8850d,0x84992c25a1587483b2b8bde1fddfe888d2930ecce96cd98d3ac81ef07981f191-105
2350,974108626da1c3972f57d8d98a7793d3f378d3c7,3.661e+16,41a322b28d0ff354040e2cbc676f0320d8c8850d,0xfa7ff284b28875107559c9cbfd28a6c8e8c1cea7e00a6475962c6bc6008d580c-65
2391,10017ca37b1257ac0771e24652aa28c758e378eb,2e+17,41a322b28d0ff354040e2cbc676f0320d8c8850d,0xfb7effcf2c7dad8e25194f76cb1f7124038e2e866ce31c7436533d403894277e-60
1754,974108626da1c3972f57d8d98a7793d3f378d3c7,8.8e+15,41a322b28d0ff354040e2cbc676f0320d8c8850d,0xd36daf432ebea56670c7c95cb4fc63bf089deac582363ee2ad786420cc19216d-21
1985,974108626da1c3972f57d8d98a7793d3f378d3c7,2.5e+16,41a322b28d0ff354040e2cbc676f0320d8c8850d,0xd36daf432ebea56670c7c95cb4fc63bf089deac582363ee2ad786420cc19216d-22
2280,974108626da1c3972f57d8d98a7793d3f378d3c7,4.5e+15,41a322b28d0ff354040e2cbc676f0320d8c8850d,0x3b515442fa3fa1275269afa55bfebd1560a5e4bd6eeb75065aaedbd11581907e-4
2349,974108626da1c3972f57d8d98a7793d3f378d3c7,1.464e+16,41a322b28d0ff354040e2cbc676f0320d8c8850d,0x3b515442fa3fa1275269afa55bfebd1560a5e4bd6eeb75065aaedbd11581907e-7
1150,1e341aa44c293d95d13d778492d417d1be4e63d5,3e+17,41a322b28d0ff354040e2cbc676f0320d8c8850d,0xe74ca00c6f077231ba45afed7b054e47d785beddb9935732e23d40e04bb7aed9-91
1942,976b598539eef4e35297866ffce465d2e94b7cc7,1.5e+18,41a322b28d0ff354040e2cbc676f0320d8c8850d,0x9bf1965d80143d078bbb9b75239afdb224e443adae4f73b319d08bbde5715b4e-53
2433,976b598539eef4e35297866ffce465d2e94b7cc7,4e+17,41a322b28d0ff354040e2cbc676f0320d8c8850d,0xa62c5a17926b35f733dec22f7eecbf52836430e6301134fd87daec535301f562-44
527,10017ca37b1257ac0771e24652aa28c758e378eb,5e+17,41a322b28d0ff354040e2cbc676f0320d8c8850d,0xa8f97d3a36503386cb266af5da9baccc0eece263f61f5592fc9bc79451868f7e-26
2418,b3007ff3c3f40bdf0126fec7c8e43c3fc50ea813,1.5e+17,41a322b28d0ff354040e2cbc676f0320d8c8850d,0xa7ca512bd158ac7901a3e779ff5aa0c7402c216cde6e8008b08acc696ae81e55-70
775,1e341aa44c293d95d13d778492d417d1be4e63d5,3e+17,41a322b28d0ff354040e2cbc676f0320d8c8850d,0x7c6389449a1bb2ef69e2fcc7981a58563afe0826e27d1757d0ac64208b4dc85c-2
1462,1e341aa44c293d95d13d778492d417d1be4e63d5,4e+17,41a322b28d0ff354040e2cbc676f0320d8c8850d,0xf919c8278a17aa2af10e9f3fc82b7bd9bc427bcfd1c1914a107fced5d8b6f5d9-84
2401,576a655161b5502dcf40602be1f3519a89b71658,1e+17,41a322b28d0ff354040e2cbc676f0320d8c8850d,0x58999f4bc912baaa0a149789aafd7ba12f2826dc7519ca75a2ebc0b9e42e5f0d-73
2418,b3007ff3c3f40bdf0126fec7c8e43c3fc50ea813,2.5e+17,41a322b28d0ff354040e2cbc676f0320d8c8850d,0x1eae995354501566715275d8fd84747d502a696a6b34770f38c5b13a5fb6c4d8-125
294,b3007ff3c3f40bdf0126fec7c8e43c3fc50ea813,4e+18,41a322b28d0ff354040e2cbc676f0320d8c8850d,0x34f5bc5b83346f8db2484d6eeadcc97f5141acc2d5409782ad52e06c6b8811c5-138
4,b3007ff3c3f40bdf0126fec7c8e43c3fc50ea813,3.65e+18,41a322b28d0ff354040e2cbc676f0320d8c8850d,0xff2c94b20ea53b9daac98048f28acc2b41c28b45356e38fafc1ed1a9e5743cf2-42
1221,b2f4b16595e02a9721f97e3e30fb5bbbf73f5f54,5.75e+17,41a322b28d0ff354040e2cbc676f0320d8c8850d,0xc083487f19240a19f4a74cdd857e296f8997db6f40fc5b9fa66ae1d57d42a2e8-125
519,b2f4b16595e02a9721f97e3e30fb5bbbf73f5f54,1e+17,41a322b28d0ff354040e2cbc676f0320d8c8850d,0xfa06eef83ef433dbc3aaa211b508a64317d80b605ba6c75510178539a73aec49-131
182,b2f4b16595e02a9721f97e3e30fb5bbbf73f5f54,1.57e+17,41a322b28d0ff354040e2cbc676f0320d8c8850d,0xaac2d93ee1504b28b4ddb183859212579b13a5b55e3e1758e7fe594b42521d38-125
2409,10017ca37b1257ac0771e24652aa28c758e378eb,2e+18,41a322b28d0ff354040e2cbc676f0320d8c8850d,0x1dce92c9fa47139ffe477aad7d33787b13c953dc73a6df18c2f9052e2d24865b-40
2119,baba92b7822a56c05554ab5d1bc1d0b7e212499d,1.5e+17,41a322b28d0ff354040e2cbc676f0320d8c8850d,0xb293d23c25e173273440b84f4c9246c3fcd66613caed72ecc1b4c427d931fbb9-86
2223,b2f4b16595e02a9721f97e3e30fb5bbbf73f5f54,4e+17,41a322b28d0ff354040e2cbc676f0320d8c8850d,0x4ba4927cace5b1ec3bc7fe2ad77bd78b966fffca587e61401968f397db9ea7d5-37
2459,f8b32d30ac6ab3030595432533d7836fd76b078d,2.3e+17,41a322b28d0ff354040e2cbc676f0320d8c8850d,0x66ff907ffd177bbd616f164c42085b3c1c6223981ec55da079b38090e585648f-91
3,b3007ff3c3f40bdf0126fec7c8e43c3fc50ea813,3.75e+18,41a322b28d0ff354040e2cbc676f0320d8c8850d,0xc3739a0217a2c2924d857f66c8217061145894bde31c48d22543e96f885a7237-43
2486,b3007ff3c3f40bdf0126fec7c8e43c3fc50ea813,1.5e+17,41a322b28d0ff354040e2cbc676f0320d8c8850d,0xa26ed0eb52e3ae5ab352b439929efad8c9f5240979c966f70d475b6a97ea1166-98
2513,2f6c9365f7b6e74fa301425bbc766e549d4f5108,2.5e+17,41a322b28d0ff354040e2cbc676f0320d8c8850d,0x5c405feabb6f7f839ceb367437056c4144f734815b1ff8813e47e3175c3a50d0-118
1490,b2f4b16595e02a9721f97e3e30fb5bbbf73f5f54,1e+18,41a322b28d0ff354040e2cbc676f0320d8c8850d,0x6a69d78300959b3c5fc3b307274cbd2931c15f1ab1a846fb6b07ff14ba1db24a-20
2508,9a3e204bd2f012122b228fa68bf97539da965d3b,2e+17,41a322b28d0ff354040e2cbc676f0320d8c8850d,0xaa3a537428c4e83639e9999b1f888bd56b095159edb4cb8a41af2af067b4ea09-13
1242,b7f6fc2745e66a1f75a6deb50b9f9dbf816cfdda,1.1e+17,41a322b28d0ff354040e2cbc676f0320d8c8850d,0x8364ac6bd1c86b34cf5d0ca4711c385e9c0af89723c83d8e77acf1af629dde47-143
2119,b2f4b16595e02a9721f97e3e30fb5bbbf73f5f54,2.25e+17,41a322b28d0ff354040e2cbc676f0320d8c8850d,0x91d1d64e55783f52d471f9dd021b45a30ef9b3b20ea43db187a9e4f2820e5e6a-45
2589,b2f4b16595e02a9721f97e3e30fb5bbbf73f5f54,1.08e+17,41a322b28d0ff354040e2cbc676f0320d8c8850d,0x0460672067aeb1c8dc5ef7788689e7b15a7b3de80467728f485bd409279887ff-121
2370,b2f4b16595e02a9721f97e3e30fb5bbbf73f5f54,1.5e+17,41a322b28d0ff354040e2cbc676f0320d8c8850d,0x59597ff4d422f07ecc2a9c8a9973dcafb5d60dd1309eba1dcca092a999949d6f-18
2607,b2f4b16595e02a9721f97e3e30fb5bbbf73f5f54,1e+17,41a322b28d0ff354040e2cbc676f0320d8c8850d,0xccbb32d52b47f9261bf4e0e685387933e129874ee23e23e4dbe919dedf4f8843-93
2358,f8b32d30ac6ab3030595432533d7836fd76b078d,3e+17,41a322b28d0ff354040e2cbc676f0320d8c8850d,0x639156fa1b184d367ef974b570495d78d7c7b9faa38b102e988106af34f2bb5b-49
2571,576a655161b5502dcf40602be1f3519a89b71658,1.2e+17,41a322b28d0ff354040e2cbc676f0320d8c8850d,0x7673f5eb7614e57e826346176909a55a186ad233bd71b9ab14eca59e46bb0bd7-54
2454,576a655161b5502dcf40602be1f3519a89b71658,4e+17,41a322b28d0ff354040e2cbc676f0320d8c8850d,0xbcf803766714ed38392b2f809228708b4cdae8f44cae90f0df50e5de8cedad69-96
2443,576a655161b5502dcf40602be1f3519a89b71658,2e+16,41a322b28d0ff354040e2cbc676f0320d8c8850d,0xbcf803766714ed38392b2f809228708b4cdae8f44cae90f0df50e5de8cedad69-97
2570,b3007ff3c3f40bdf0126fec7c8e43c3fc50ea813,3.3e+17,41a322b28d0ff354040e2cbc676f0320d8c8850d,0x068a066508e666bed09a9372f56ec0a24425638e729a1d995d10b43a303dc1fe-76
2570,b3007ff3c3f40bdf0126fec7c8e43c3fc50ea813,3.3e+17,41a322b28d0ff354040e2cbc676f0320d8c8850d,0x03e34127f8da7da36b436cdc557bf6dbf09b190a196fc8300a00cf648b887680-57
2455,b3007ff3c3f40bdf0126fec7c8e43c3fc50ea813,5.5e+17,41a322b28d0ff354040e2cbc676f0320d8c8850d,0x319a95b13f1e943cd29fd472530f1e514382c97c944f8dbb6461c9a9a24f365e-29
2603,9a3e204bd2f012122b228fa68bf97539da965d3b,2.7e+17,41a322b28d0ff354040e2cbc676f0320d8c8850d,0x2d62a2f30539a034e919f69ab19526017de0205307d3642d4483e5d088347518-87
2393,335e19b3f5dcfa2e398ee7d5ff430a1f8ccc88b2,5e+17,41a322b28d0ff354040e2cbc676f0320d8c8850d,0x8c131942af42da40664ea3e954899b242700430f9d1907213ce2f5af87255867-14
2065,b394f1aa30ba874df3ae6097bf4c2474b2d8f3ac,1e+17,41a322b28d0ff354040e2cbc676f0320d8c8850d,0x7b2d94782c36f40a2175d7027ef9901debf5d0b136139312c59528723ebfb731-133
903,1b158330eb18839f50649f4cb8f49954214866a3,1e+18,41a322b28d0ff354040e2cbc676f0320d8c8850d,0x1729d34a66e96fabebab0631605a9c1ba3a77cb6cac17ae53ca494a4e6ea452f-49
2640,6853a596d6d7264d3622546da3b891b6fe17eb82,4.55e+17,41a322b28d0ff354040e2cbc676f0320d8c8850d,0xd22ea41c16fa4f042fdf8a387bc11bea695972b23be49ae577893afc0ceddbea-101
2540,576a655161b5502dcf40602be1f3519a89b71658,9e+16,41a322b28d0ff354040e2cbc676f0320d8c8850d,0x0588b3d2ad00dc1f9fce15926eadf96b8fd4aa0778c054ca2076b1ec9a569c2f-85
2417,576a655161b5502dcf40602be1f3519a89b71658,200000000000000,41a322b28d0ff354040e2cbc676f0320d8c8850d,0xfffbae10f7d90a231e3dface237871d557758df43ff3a9b1c08b3168b22d41bc-91
2605,77350e1152efd5f2d807a6124015c629a907155e,3.1337e+17,41a322b28d0ff354040e2cbc676f0320d8c8850d,0xd4d9019372045e37b661d079b8aa883090cfb1fa68f08eccc8d65230010ca32a-134
2636,77350e1152efd5f2d807a6124015c629a907155e,3e+17,41a322b28d0ff354040e2cbc676f0320d8c8850d,0xd4d9019372045e37b661d079b8aa883090cfb1fa68f08eccc8d65230010ca32a-133
2649,576a655161b5502dcf40602be1f3519a89b71658,1e+17,41a322b28d0ff354040e2cbc676f0320d8c8850d,0x1535a18763126ebd4ee870ba63c5169c7835bf5abd65946aaa9acf36c83ecffb-47
2466,576a655161b5502dcf40602be1f3519a89b71658,1.1e+17,41a322b28d0ff354040e2cbc676f0320d8c8850d,0xc24430102f9978f8eeaaec4ea787256d80916d02fcfdda7f887f71714f7a676e-41
2460,b3007ff3c3f40bdf0126fec7c8e43c3fc50ea813,5.5e+17,41a322b28d0ff354040e2cbc676f0320d8c8850d,0x92371f6bf4b32530285f778badea701a1be4bd7bf28cc0f92943c53873e3072f-17
1741,16caab5371ae1ff9fb01617769ddeeb52460951e,7.2e+17,41a322b28d0ff354040e2cbc676f0320d8c8850d,0x870b19f146a947deb59db4ec56976a7cb46d837d61eb585c6d1804e964dd6877-96
2624,f8b32d30ac6ab3030595432533d7836fd76b078d,3e+17,41a322b28d0ff354040e2cbc676f0320d8c8850d,0x8886234bc47f0cb6b5b18443ce012fbed6993909def3ff66e69efd5426051658-54
727,1e341aa44c293d95d13d778492d417d1be4e63d5,1e+18,41a322b28d0ff354040e2cbc676f0320d8c8850d,0x237ca83359abc24697adfb363434838ab60dc8d457b45493bafda91155c07aff-102
2406,1e341aa44c293d95d13d778492d417d1be4e63d5,3e+18,41a322b28d0ff354040e2cbc676f0320d8c8850d,0x709bbe4b38cf357d45f200a625646f245d41da6c7fb717c54fed354eb2ade3a2-93
2408,1e341aa44c293d95d13d778492d417d1be4e63d5,3e+18,41a322b28d0ff354040e2cbc676f0320d8c8850d,0xaf3a7fecf8b77d01b1d3cebb1f5eda275acbb83e148594a2532bf655b8799455-138
2409,1e341aa44c293d95d13d778492d417d1be4e63d5,2.5e+18,41a322b28d0ff354040e2cbc676f0320d8c8850d,0x1fe3b0d6a5df53c678ae76818a7ba1362728b55049db5bfc5d563186c28cb89d-135
2064,1e341aa44c293d95d13d778492d417d1be4e63d5,1.5e+18,41a322b28d0ff354040e2cbc676f0320d8c8850d,0x1fe3b0d6a5df53c678ae76818a7ba1362728b55049db5bfc5d563186c28cb89d-136
944,b2f4b16595e02a9721f97e3e30fb5bbbf73f5f54,2.5e+17,41a322b28d0ff354040e2cbc676f0320d8c8850d,0xc0837f2bfbae142a749cf3c81ed1953bb93b9fdf4790d0f87638065236476041-49
2690,f8b32d30ac6ab3030595432533d7836fd76b078d,3.14159e+17,41a322b28d0ff354040e2cbc676f0320d8c8850d,0x9164feb259287383822904298c346fbe4a9c9ed9e1c550ff5aacaa877a1e0729-100
2648,985c0a74b9783022e4ad5c75279d2acab9dae96d,1.3e+16,41a322b28d0ff354040e2cbc676f0320d8c8850d,0x404216f664a143167f3261aa6024a47f56fcd08540686b8a264c50de7ce41423-4
166,b2f4b16595e02a9721f97e3e30fb5bbbf73f5f54,1.5e+17,41a322b28d0ff354040e2cbc676f0320d8c8850d,0xb11da17e693a674c0c434c16cd2e622098536f9c7488cddaf0a2e428a5078621-91
11,77350e1152efd5f2d807a6124015c629a907155e,1.1e+18,41a322b28d0ff354040e2cbc676f0320d8c8850d,0x14d826ce83151309f7094eb215ada86471a7babb6fc3b93f1cfd3974e2a2fdfa-112
2747,2c89c3660a985ccdebf7e63f5f0f8b83e54cd49d,1e+17,41a322b28d0ff354040e2cbc676f0320d8c8850d,0x36a2b9392f2468402f5631bf3199eadb6ce10b8df530e2623a8a58946ea13fcc-132
44,dc19d539369c3da9172de453c05bc503c9ac6bc2,1e+18,41a322b28d0ff354040e2cbc676f0320d8c8850d,0xb1c1ea086ded036ff48ac304daa6f3182ea5237f6442f280f16e1ce7344a1610-63
46,dc19d539369c3da9172de453c05bc503c9ac6bc2,4e+17,41a322b28d0ff354040e2cbc676f0320d8c8850d,0xb693333bafb3e968a509f57cb9da114e90008f62522ca468e47e5a46c0ce68f0-15
142,dc19d539369c3da9172de453c05bc503c9ac6bc2,3.5e+17,41a322b28d0ff354040e2cbc676f0320d8c8850d,0x31d14560fb505b3dd14365c8eaa9fcba18b8aa213468a635d7fb3e5d22900c5e-143
129,dc19d539369c3da9172de453c05bc503c9ac6bc2,5e+17,41a322b28d0ff354040e2cbc676f0320d8c8850d,0x31d14560fb505b3dd14365c8eaa9fcba18b8aa213468a635d7fb3e5d22900c5e-144
127,dc19d539369c3da9172de453c05bc503c9ac6bc2,2.5e+17,41a322b28d0ff354040e2cbc676f0320d8c8850d,0x4b03ef7a98bfd9f9729bbd3e8cb0921417b6d372d9b504142e452f2f554372bf-55
590,dc19d539369c3da9172de453c05bc503c9ac6bc2,3.5e+17,41a322b28d0ff354040e2cbc676f0320d8c8850d,0xff682ada762705086372fb26ef25bade4ee9de09bd80dbb3f419a5393a91af62-87
589,dc19d539369c3da9172de453c05bc503c9ac6bc2,1.5e+17,41a322b28d0ff354040e2cbc676f0320d8c8850d,0xff682ada762705086372fb26ef25bade4ee9de09bd80dbb3f419a5393a91af62-88
582,dc19d539369c3da9172de453c05bc503c9ac6bc2,8.5e+17,41a322b28d0ff354040e2cbc676f0320d8c8850d,0xbc6bbd1402de7c111752661f4839f516ceeab437451d7d1def284a440ad8e45f-76
588,dc19d539369c3da9172de453c05bc503c9ac6bc2,1.5e+17,41a322b28d0ff354040e2cbc676f0320d8c8850d,0xbc6bbd1402de7c111752661f4839f516ceeab437451d7d1def284a440ad8e45f-77
533,dc19d539369c3da9172de453c05bc503c9ac6bc2,1.6e+17,41a322b28d0ff354040e2cbc676f0320d8c8850d,0x6f5e2be2e87f0eac533d886d8d73162fb2dbd99b5634efd96e73afef245c0d1d-98
570,dc19d539369c3da9172de453c05bc503c9ac6bc2,5e+17,41a322b28d0ff354040e2cbc676f0320d8c8850d,0x6f5e2be2e87f0eac533d886d8d73162fb2dbd99b5634efd96e73afef245c0d1d-96
535,dc19d539369c3da9172de453c05bc503c9ac6bc2,2.5e+17,41a322b28d0ff354040e2cbc676f0320d8c8850d,0x6f5e2be2e87f0eac533d886d8d73162fb2dbd99b5634efd96e73afef245c0d1d-97
156,dc19d539369c3da9172de453c05bc503c9ac6bc2,5e+17,41a322b28d0ff354040e2cbc676f0320d8c8850d,0xa2974df425c8cefc9960cd613bf572cc39bd2b578397063ebb3fc817293a9dd7-58
705,dc19d539369c3da9172de453c05bc503c9ac6bc2,4e+17,41a322b28d0ff354040e2cbc676f0320d8c8850d,0x484497e027e82533504611dbc088b30cbfe790b3441548f19ced09970a4f0632-57
724,dc19d539369c3da9172de453c05bc503c9ac6bc2,2.5e+17,41a322b28d0ff354040e2cbc676f0320d8c8850d,0x48d3aeebfb153b4b6f55f1bddcbbb7265e5eefb7bb1de9a2d04eb3828c8f4bdd-81
688,dc19d539369c3da9172de453c05bc503c9ac6bc2,7.5e+17,41a322b28d0ff354040e2cbc676f0320d8c8850d,0xb7d573317bf23d66471996af7b14ebf80b38be11f409b87d2c2f6b389a5d49d0-88
645,dc19d539369c3da9172de453c05bc503c9ac6bc2,7.5e+17,41a322b28d0ff354040e2cbc676f0320d8c8850d,0xdb4c9717f649185470ec23e951339bda043b63ee44695baadb2eafa2b288108f-169
2309,dc19d539369c3da9172de453c05bc503c9ac6bc2,2.5e+17,41a322b28d0ff354040e2cbc676f0320d8c8850d,0xc50afb19ee7ef8648a79c7c82a262a0688c9a226aac2a07dd9ac6a3289284ef7-58
2308,dc19d539369c3da9172de453c05bc503c9ac6bc2,4e+17,41a322b28d0ff354040e2cbc676f0320d8c8850d,0x644c3cbd293797bbc2cad4ce8c688ce70b783fba3355fb0b4bb3ba39bce0741b-65
1936,dc19d539369c3da9172de453c05bc503c9ac6bc2,3e+17,41a322b28d0ff354040e2cbc676f0320d8c8850d,0x264819ff4f0602bed0ab3b7314b32566a8bbb9e685fb7b093f2362d15873c42c-56
1932,dc19d539369c3da9172de453c05bc503c9ac6bc2,4.5e+17,41a322b28d0ff354040e2cbc676f0320d8c8850d,0x264819ff4f0602bed0ab3b7314b32566a8bbb9e685fb7b093f2362d15873c42c-69
1790,dc19d539369c3da9172de453c05bc503c9ac6bc2,4.1e+17,41a322b28d0ff354040e2cbc676f0320d8c8850d,0x7ea5352dfad9e04393e8757d06af7cbf944795a6e2386a8b6ef7c67072be1ed1-49
976,dc19d539369c3da9172de453c05bc503c9ac6bc2,5e+17,41a322b28d0ff354040e2cbc676f0320d8c8850d,0x3e49b70a6ca046f05b7ccff7a7b9bd6a66860e7574d6c2bc8395692e2695f91a-29
974,dc19d539369c3da9172de453c05bc503c9ac6bc2,7.5e+17,41a322b28d0ff354040e2cbc676f0320d8c8850d,0x838bcb91d031179ea79e239ae404f34a582b95f799e4983e795e2ac07050a764-30
853,dc19d539369c3da9172de453c05bc503c9ac6bc2,4e+17,41a322b28d0ff354040e2cbc676f0320d8c8850d,0x9b8629cdcbc091ab7a619ecef3b7a20b7665f873c7f212a4fe21cb5f1e7f578e-26
970,dc19d539369c3da9172de453c05bc503c9ac6bc2,5e+17,41a322b28d0ff354040e2cbc676f0320d8c8850d,0x9b8629cdcbc091ab7a619ecef3b7a20b7665f873c7f212a4fe21cb5f1e7f578e-27
1734,e25c73435702fed11e9c5584ce6efe7cbff71739,4.6e+17,41a322b28d0ff354040e2cbc676f0320d8c8850d,0xf751887aa743f9325d04f0d561e56c218aea945d4ac0094c3295b57cfe7c5cb9-60
1686,e25c73435702fed11e9c5584ce6efe7cbff71739,3e+17,41a322b28d0ff354040e2cbc676f0320d8c8850d,0xf751887aa743f9325d04f0d561e56c218aea945d4ac0094c3295b57cfe7c5cb9-77
1648,e25c73435702fed11e9c5584ce6efe7cbff71739,7.5e+17,41a322b28d0ff354040e2cbc676f0320d8c8850d,0x073d56c0b61b864e5bada58e86628a1cf7d19fe76964ff4be0c453d8dfbddbad-188
1154,e25c73435702fed11e9c5584ce6efe7cbff71739,1.2e+18,41a322b28d0ff354040e2cbc676f0320d8c8850d,0x1608cf21d59cefe10aba16eb0071f66343ddf582522a21442dee4ed9c9624d88-33
1056,e25c73435702fed11e9c5584ce6efe7cbff71739,2.5e+17,41a322b28d0ff354040e2cbc676f0320d8c8850d,0x0ac13579c58ea24b7696401e3ac6a88fcfd464ef987bdb9a35f1daecd5608717-229
1019,e25c73435702fed11e9c5584ce6efe7cbff71739,2.5e+17,41a322b28d0ff354040e2cbc676f0320d8c8850d,0x0ac13579c58ea24b7696401e3ac6a88fcfd464ef987bdb9a35f1daecd5608717-230
969,e25c73435702fed11e9c5584ce6efe7cbff71739,2.5e+17,41a322b28d0ff354040e2cbc676f0320d8c8850d,0x036859f80f848017b85f32d2cb67a02ae1b0ece1d96692730109d377549ceb0e-29
876,e25c73435702fed11e9c5584ce6efe7cbff71739,2.5e+17,41a322b28d0ff354040e2cbc676f0320d8c8850d,0x5dd7b007e3be47085a2145d06ff78b2117c7bd2d16799b8a03fcfc6c70163c9e-68
768,e25c73435702fed11e9c5584ce6efe7cbff71739,2e+17,41a322b28d0ff354040e2cbc676f0320d8c8850d,0x5dd7b007e3be47085a2145d06ff78b2117c7bd2d16799b8a03fcfc6c70163c9e-69
683,e25c73435702fed11e9c5584ce6efe7cbff71739,2.5e+17,41a322b28d0ff354040e2cbc676f0320d8c8850d,0x6dfbc009603d80f7c4f81fa33384ab889f5aac5cb11629e24f2be8bc382a255d-180
173,e25c73435702fed11e9c5584ce6efe7cbff71739,5e+17,41a322b28d0ff354040e2cbc676f0320d8c8850d,0x6dfbc009603d80f7c4f81fa33384ab889f5aac5cb11629e24f2be8bc382a255d-181
71,e25c73435702fed11e9c5584ce6efe7cbff71739,2.5e+17,41a322b28d0ff354040e2cbc676f0320d8c8850d,0x638ca0e11f8cb5e7b7a53e8aaf94d3215daff803917b13a73a80a151a7c70aa6-158
2596,337101def3eeb6f06e071efe02216274507937bb,2e+17,41a322b28d0ff354040e2cbc676f0320d8c8850d,0x1fd44d250d7a99f697caac0ee364119e0c1d349f52f64948cd8941ea1525d102-25
2677,337101def3eeb6f06e071efe02216274507937bb,2.1e+17,41a322b28d0ff354040e2cbc676f0320d8c8850d,0x9a3336636900f582f3807e626162e36dac1f41f2f4f95b8d4a002519dba1b8c7-10
2720,337101def3eeb6f06e071efe02216274507937bb,1e+15,41a322b28d0ff354040e2cbc676f0320d8c8850d,0x63238a69b54cdaede7c1ef635530ab439e0da256cf67a62bd1d050af33e408d7-26
