tokenId,seller,buyer,amount,contractAddress,id
1,860c4604fe1125ea43f81e613e7afb2aa49546aa,bc74c3adc2aa6a85bda3eca5b0e235ca08532772,4.6e+17,41a322b28d0ff354040e2cbc676f0320d8c8850d,0xf1097e3617632e43b7c0a46ffeb4d741d0a67b25fb06f5f0c773912007f96bdf-79
3,860c4604fe1125ea43f81e613e7afb2aa49546aa,bc74c3adc2aa6a85bda3eca5b0e235ca08532772,4.6e+17,41a322b28d0ff354040e2cbc676f0320d8c8850d,0x66e9ac3a5d651123398f274ffecfccbbb86f04748c7045de404bd6936ad6b2b0-64
4,860c4604fe1125ea43f81e613e7afb2aa49546aa,bc74c3adc2aa6a85bda3eca5b0e235ca08532772,4.6e+17,41a322b28d0ff354040e2cbc676f0320d8c8850d,0x0f4efbc5a8350e36e8ed03225f643b32544254add8c6533e296baf8b4dd27675-87
17,21316e6a4f0af45e5f1503984e83b10c53b177d8,337101def3eeb6f06e071efe02216274507937bb,4.23e+17,41a322b28d0ff354040e2cbc676f0320d8c8850d,0x6c01b80f7f8abf7e7668cda5178fbe45c5901f5c8dae1ff0013f5ad378447267-112
29,21316e6a4f0af45e5f1503984e83b10c53b177d8,ec8c1050b45789f9ee4d09dcc7d64aaf9e233338,4.23e+17,41a322b28d0ff354040e2cbc676f0320d8c8850d,0xe31cc47593b61f10514ad802574a5f390c246ebf4d0fc4c2eee456d956c2d63e-25
26,47709726b5bdc4c8c97de43691d93821d5b14103,337101def3eeb6f06e071efe02216274507937bb,2e+17,41a322b28d0ff354040e2cbc676f0320d8c8850d,0x45570924b01369a2a1717f1142a8b9dc380c471f058703338a6fa554b546de70-84
20,47709726b5bdc4c8c97de43691d93821d5b14103,335e19b3f5dcfa2e398ee7d5ff430a1f8ccc88b2,1e+17,41a322b28d0ff354040e2cbc676f0320d8c8850d,0xbde2b35c455fdd8babe97fb61c9b25db79943ea6139ce60db8c775462adce04a-10
36,21316e6a4f0af45e5f1503984e83b10c53b177d8,337101def3eeb6f06e071efe02216274507937bb,2.3e+17,41a322b28d0ff354040e2cbc676f0320d8c8850d,0x274a0400dfbfe50f0b2b69df20435c5c07869b363ef600d9f661bde11f3fd7d4-62
45,f0520845f700796b567cd740876f2e210f2468e5,b4f6ae2cca59f0ea3fb2559e32c61df753bb542a,1e+18,41a322b28d0ff354040e2cbc676f0320d8c8850d,0xd292ea91e1680e994348ece4dbb563c13f33dcd31a48175c4298724ce1815525-148
21,47709726b5bdc4c8c97de43691d93821d5b14103,ec8c1050b45789f9ee4d09dcc7d64aaf9e233338,1.2e+17,41a322b28d0ff354040e2cbc676f0320d8c8850d,0x48aa55eb7637836d72be616a2b934063bdd50f04a616013c67a55187feb9e246-121
59,21316e6a4f0af45e5f1503984e83b10c53b177d8,51c3016d6699480ec6becdf2155079c27ebae040,8e+17,41a322b28d0ff354040e2cbc676f0320d8c8850d,0x1f2f0bbf6faeddabab76e21038a094ef8bbaa6e84414ed9b858758f7f07fbc61-4
69,0320de3378dcde180758ad2d41c0e1c6dcbb441d,ec8c1050b45789f9ee4d09dcc7d64aaf9e233338,1e+17,41a322b28d0ff354040e2cbc676f0320d8c8850d,0x94989f7358eb3a65567e510793573eff336b2dff0a521d5f1ca5e0a83226a162-71
74,0320de3378dcde180758ad2d41c0e1c6dcbb441d,6853a596d6d7264d3622546da3b891b6fe17eb82,1e+17,41a322b28d0ff354040e2cbc676f0320d8c8850d,0xa28a6b2e697264add31d41457495ee9e82dacfa006db31ee3b8dea965262d0f3-2
76,0320de3378dcde180758ad2d41c0e1c6dcbb441d,ec8c1050b45789f9ee4d09dcc7d64aaf9e233338,1e+17,41a322b28d0ff354040e2cbc676f0320d8c8850d,0xb3edf6ba11e278f816459b73a7acfe986eb5aec86ba0515878ef812d11ddfefe-118
4,bc74c3adc2aa6a85bda3eca5b0e235ca08532772,e923d07f58239356d4b1db37e03a22141f4f37c6,1.81e+18,41a322b28d0ff354040e2cbc676f0320d8c8850d,0x75fd9db2790b3ba99035c616d55bdeaa12cf6260600437d00fb38999169a70a4-25
77,0320de3378dcde180758ad2d41c0e1c6dcbb441d,335e19b3f5dcfa2e398ee7d5ff430a1f8ccc88b2,1e+17,41a322b28d0ff354040e2cbc676f0320d8c8850d,0x7ca423a811ce9ef57ef4cd9dd626d1daf15936a672687f65feed82b432445224-19
61,79f7c440b359dece7f2a74813a94c36e3aba740e,335e19b3f5dcfa2e398ee7d5ff430a1f8ccc88b2,5e+17,41a322b28d0ff354040e2cbc676f0320d8c8850d,0x69316c491ab9aa1df665af5a8d939c123720e9e74dcc2abfa9f46079f363ccfc-91
64,79f7c440b359dece7f2a74813a94c36e3aba740e,337101def3eeb6f06e071efe02216274507937bb,5e+17,41a322b28d0ff354040e2cbc676f0320d8c8850d,0xb4f86fbd84681b8ae9c5e351864b13a11c68a9d11b56e7bf77b5fa07c3da09dd-19
22,47709726b5bdc4c8c97de43691d93821d5b14103,49e6f2d934077995cf4b24701fa5ae7f7b5e82e5,1.4e+17,41a322b28d0ff354040e2cbc676f0320d8c8850d,0x32bbcd2db69ee1bb47427b5b3b1a48c44228cdbe22b1384cf21dfa6fac62bdff-105
27,47709726b5bdc4c8c97de43691d93821d5b14103,408c76d8e3284338cda7fded97aaf833b7b2480d,2.5e+17,41a322b28d0ff354040e2cbc676f0320d8c8850d,0xd8afbe219a36da76b08dd7c8c3efc5495736ef64d42c6871c464382bd28b0302-69
28,47709726b5bdc4c8c97de43691d93821d5b14103,7e340f8bb5dafa15a16825e2a547ba8c04b297e6,3e+17,41a322b28d0ff354040e2cbc676f0320d8c8850d,0xd04c7fe0444775ede24fcb20c750465bce0ad3e9c7454a55083df18e8b7077d9-90
85,860c4604fe1125ea43f81e613e7afb2aa49546aa,7d6105d75c5e6a40791a50a52a92365545e9b112,1e+18,41a322b28d0ff354040e2cbc676f0320d8c8850d,0x84565855a7949a86685edf490bb9c25eadd35ace734979fd5c6a4aed2ec98d52-60
75,0320de3378dcde180758ad2d41c0e1c6dcbb441d,da07c2cbf92e488960efd591f75d1cb00e9e64ed,3e+17,41a322b28d0ff354040e2cbc676f0320d8c8850d,0x5441dded90244f7ccd034ca08589905c6b1cb914dcca3e364ff91b6de957648d-39
105,d797d5784f43de300ec0d6bc34fc86023c5d71ce,756678bd0d2358d2198511c3adf50502fdf45597,1e+15,41a322b28d0ff354040e2cbc676f0320d8c8850d,0x955112b6d532f9b2b88159c2c64d040efab744c70d6c72eaaef484e3926d094d-125
65,860c4604fe1125ea43f81e613e7afb2aa49546aa,55372173689c288552885d897d32f5f706f79aa6,1e+18,41a322b28d0ff354040e2cbc676f0320d8c8850d,0x016cc41484ef79695996b48ca3c0f312b284debeeeafa3b2be12f7e6c2300287-72
66,860c4604fe1125ea43f81e613e7afb2aa49546aa,0d670d3cf94007639d0bd3f9286cea62f6271093,1e+18,41a322b28d0ff354040e2cbc676f0320d8c8850d,0x000ce1bd1cb00067966cf059944279170b8f24207bdcef69f359030625d99780-14
91,21316e6a4f0af45e5f1503984e83b10c53b177d8,06ce30bd0e1520af542cd5f3a80ea2d1083a2888,1e+18,41a322b28d0ff354040e2cbc676f0320d8c8850d,0x65939a06759483675750b36d46a421644fa44c0556b9004faff80c6d829df8e3-68
67,21316e6a4f0af45e5f1503984e83b10c53b177d8,06ce30bd0e1520af542cd5f3a80ea2d1083a2888,5e+17,41a322b28d0ff354040e2cbc676f0320d8c8850d,0x9488e643e86160a5b62271de9de23e0e83f4a5f891e7a77fda5f83759953b3d2-91
63,79f7c440b359dece7f2a74813a94c36e3aba740e,6853a596d6d7264d3622546da3b891b6fe17eb82,5e+17,41a322b28d0ff354040e2cbc676f0320d8c8850d,0xa107b7817d04e6ee97c96ee3d82c02fab3409ebc13ad3b68cb3eeff4e7e80066-32
113,860c4604fe1125ea43f81e613e7afb2aa49546aa,1cf4d277263024d212c49ae0afb1ac5e8ab04cf4,3e+18,41a322b28d0ff354040e2cbc676f0320d8c8850d,0xed08d288dcd1e2fbeb001b0f7c707c65f8bb50a8797cea2c6a8daefe6ba44fa9-127
86,860c4604fe1125ea43f81e613e7afb2aa49546aa,a636e1a462f612e14adc20cb405d1727a6efca6a,2e+18,41a322b28d0ff354040e2cbc676f0320d8c8850d,0xb60a1b77cb9bff304d3240a75ec822df7bf3b0a70cd08a84a19d959fe3c9bdd7-89
65,55372173689c288552885d897d32f5f706f79aa6,7ea92dbce5387f8ff480fe5d557abd4c7b09054f,2e+18,41a322b28d0ff354040e2cbc676f0320d8c8850d,0xed140b2a033de94922a20f8b3dd1cd11e7bdef60b031b4599ee36944c69731f6-189
87,860c4604fe1125ea43f81e613e7afb2aa49546aa,7ea92dbce5387f8ff480fe5d557abd4c7b09054f,2e+18,41a322b28d0ff354040e2cbc676f0320d8c8850d,0xf9de2320fb5c6d11ec6540bc2fc7b5ce8b1db2ab1ff1044f681d473ea628a1c5-141
89,860c4604fe1125ea43f81e613e7afb2aa49546aa,6853a596d6d7264d3622546da3b891b6fe17eb82,2e+18,41a322b28d0ff354040e2cbc676f0320d8c8850d,0x4851f3a2b52aa562d189d86ba787d438a1c80a50008421f475c8a6b5d940b895-148
58,b7734b5c378fd169d2b9720d0d5ac1a7b30f9fc9,6853a596d6d7264d3622546da3b891b6fe17eb82,3e+17,41a322b28d0ff354040e2cbc676f0320d8c8850d,0x042a5dd268ba68cd67ebbf3af0809a21d79f95fcb3ecfc761270e4e23b3de8d1-54
162,60d38778adbbeeac88f741b833cbb9877228eea0,530cf036ed4fa58f7301a9c788c9806624cefd19,2e+16,41a322b28d0ff354040e2cbc676f0320d8c8850d,0x5f9881537cb357f6d03806ed161666c4f02ec0bd503326c0238d2b3d1961b93d-27
180,60d38778adbbeeac88f741b833cbb9877228eea0,530cf036ed4fa58f7301a9c788c9806624cefd19,5e+16,41a322b28d0ff354040e2cbc676f0320d8c8850d,0x66997c86cc5883dcfa7df2b0d4f0d09c720037e5691b22abf9eb555e69bcf481-14
181,77350e1152efd5f2d807a6124015c629a907155e,a636e1a462f612e14adc20cb405d1727a6efca6a,6.66e+16,41a322b28d0ff354040e2cbc676f0320d8c8850d,0x6218bc1af6fde77eb219726366653cbba09b02c3d9ebd6d01a903fc49f3f1340-14
54,b7734b5c378fd169d2b9720d0d5ac1a7b30f9fc9,6853a596d6d7264d3622546da3b891b6fe17eb82,4e+17,41a322b28d0ff354040e2cbc676f0320d8c8850d,0x7f567919579dd1233461b6bb6d862c6549d0dac99611b7b4cfbd71dcc954f3be-52
56,b7734b5c378fd169d2b9720d0d5ac1a7b30f9fc9,6853a596d6d7264d3622546da3b891b6fe17eb82,4e+17,41a322b28d0ff354040e2cbc676f0320d8c8850d,0x9049fc5499b462254d129092c0a4748b5c079c61170dde3f4b0d72dd70b379a7-9
172,62f7418c3ae08379b25a4b32c1f16e0e8758f9b1,6853a596d6d7264d3622546da3b891b6fe17eb82,1e+17,41a322b28d0ff354040e2cbc676f0320d8c8850d,0xb63632d3a1c4bad08a4e7e5ae3a206cd96a377050b721496182682bda69c8849-71
174,60d38778adbbeeac88f741b833cbb9877228eea0,530cf036ed4fa58f7301a9c788c9806624cefd19,5e+16,41a322b28d0ff354040e2cbc676f0320d8c8850d,0xa49d25196d8347d20f9646b6faa6ecb31cdb09633ea86b2092549fdcaaf056c2-9
526,77350e1152efd5f2d807a6124015c629a907155e,32cee3fb2ecd101c4b6b6a0ecb5f4c283099a8d2,3.5e+16,41a322b28d0ff354040e2cbc676f0320d8c8850d,0xad49e05a0369584f281fd856b0b10b1ee3e64a1d3eeb22760821662b0d799429-90
543,60d38778adbbeeac88f741b833cbb9877228eea0,74b78e98093f5b522a7ebdac3b994641ca7c2b20,1e+17,41a322b28d0ff354040e2cbc676f0320d8c8850d,0x8c62c1e59b37e3d38436535b2906b007a723e091de8452f9a9d02154e34aca28-33
505,77350e1152efd5f2d807a6124015c629a907155e,b3007ff3c3f40bdf0126fec7c8e43c3fc50ea813,2.5e+16,41a322b28d0ff354040e2cbc676f0320d8c8850d,0xac79235badd1afff9fda1eedf8339899eb44585a4e7678a43790b4a4f6da8258-126
559,77350e1152efd5f2d807a6124015c629a907155e,7ea92dbce5387f8ff480fe5d557abd4c7b09054f,100000000000000,41a322b28d0ff354040e2cbc676f0320d8c8850d,0x24b8f79be882f675bafb42f787965a525e193b25da49fb40eaa207e3e03e7ebf-96
564,60d38778adbbeeac88f741b833cbb9877228eea0,b8903d33924b10b9cda7fd9505e395f1ae0b8532,1e+17,41a322b28d0ff354040e2cbc676f0320d8c8850d,0xba5a23b3a2bd25edd3607e0a64677b86f5adc2e2b07be6d88d46398ab657ad82-30
182,8e23b400c603e1fd0990b69d7734531f6a0db334,f0658281cd1eab7fdfd57760379fc0b35e499486,1e+17,41a322b28d0ff354040e2cbc676f0320d8c8850d,0xb9827858b720f3c22ec022edbc2e5cd9669cc1a7c57e799b9670afa0e6dc9118-71
130,b7734b5c378fd169d2b9720d0d5ac1a7b30f9fc9,bc74c3adc2aa6a85bda3eca5b0e235ca08532772,3.82e+17,41a322b28d0ff354040e2cbc676f0320d8c8850d,0xae47d1992aa8e704d08a1c7fbe26c04a6709fc34396c9f95c2f3b41338fd1735-33
131,b7734b5c378fd169d2b9720d0d5ac1a7b30f9fc9,6853a596d6d7264d3622546da3b891b6fe17eb82,3.82e+17,41a322b28d0ff354040e2cbc676f0320d8c8850d,0xf9d29e2099ab0b4a78c80f079ad9cce47821f2c750e7ae6a84d0e2b1e5796288-69
132,b7734b5c378fd169d2b9720d0d5ac1a7b30f9fc9,7dec37c03ea5ca2c47ad2509be6abaf8c63cdb39,3.82e+17,41a322b28d0ff354040e2cbc676f0320d8c8850d,0x89558a0471b0f3bff5bf46c408bce64369896edce5859e95786b14965e4d53f8-53
609,b7734b5c378fd169d2b9720d0d5ac1a7b30f9fc9,6853a596d6d7264d3622546da3b891b6fe17eb82,5e+17,41a322b28d0ff354040e2cbc676f0320d8c8850d,0xf503fc473c0c0b0828794d2e1fa2f85654012240bbe1d90cbdd4ebe74ca8bceb-55
612,b7734b5c378fd169d2b9720d0d5ac1a7b30f9fc9,79f7c440b359dece7f2a74813a94c36e3aba740e,5e+17,41a322b28d0ff354040e2cbc676f0320d8c8850d,0x33eef7d6cc663bfbf382d318c6f38beabe646b2f85ae4ac1d90e2c9b602f569f-110
611,b7734b5c378fd169d2b9720d0d5ac1a7b30f9fc9,c1ccf7456fd640473c383468df2c18a2e3d68ea5,5e+17,41a322b28d0ff354040e2cbc676f0320d8c8850d,0x3ab71ac4e306317a7e1674d2c71ddefb108f100321e3347f1abe98b3d78d0c71-30
176,60d38778adbbeeac88f741b833cbb9877228eea0,9787b715a9ea9ef26be9c03bb49664e357e279c9,5e+16,41a322b28d0ff354040e2cbc676f0320d8c8850d,0xda7323c9df63891b7ee998447763e9375e7fb02fae15b15b9042e7c623abb72c-124
546,77350e1152efd5f2d807a6124015c629a907155e,b3007ff3c3f40bdf0126fec7c8e43c3fc50ea813,7.5e+16,41a322b28d0ff354040e2cbc676f0320d8c8850d,0x2e802f20dd45ed84b3c9d493553d0b1e60e5410e4f07fc4eb9b18e5854aa163c-74
657,9e30a1e5e13a2e0f2ed775bbd420fb7cb31ebebe,085627c26cdc6fa43ad562e0eb636c1cec498493,3e+17,41a322b28d0ff354040e2cbc676f0320d8c8850d,0x6f9a708767663cdc33d7aa61d63a50ce0f013cdef1f0efce537f126c48028554-166
647,da5e56e6a41230ed87f39b7c65ede7a8373de403,085627c26cdc6fa43ad562e0eb636c1cec498493,3e+17,41a322b28d0ff354040e2cbc676f0320d8c8850d,0xb0f31203c77886bffd302ce090be8dba22c30fc426952c7113c1a34ba2c308b5-112
643,39cc9c86e67baf2129b80fe3414c397492ea8026,085627c26cdc6fa43ad562e0eb636c1cec498493,5e+17,41a322b28d0ff354040e2cbc676f0320d8c8850d,0xa2fd5881dfaf0a75f339c0b6c73596ae8707b1fd71e01420d3fd2c9b4d54e38b-119
610,b7734b5c378fd169d2b9720d0d5ac1a7b30f9fc9,085627c26cdc6fa43ad562e0eb636c1cec498493,5e+17,41a322b28d0ff354040e2cbc676f0320d8c8850d,0xb03f23b58aa36469ce9a6a426c3770f719aeea23deac0ebb8609aae6167a103c-119
560,77350e1152efd5f2d807a6124015c629a907155e,085627c26cdc6fa43ad562e0eb636c1cec498493,1.984e+17,41a322b28d0ff354040e2cbc676f0320d8c8850d,0x5b28178c7b63a6dec07c441b4d8dcd7a678cdf1e953e648b09b68218ada66dfb-66
532,ced2662fe30d876bef52f219eeac67e2b328effc,085627c26cdc6fa43ad562e0eb636c1cec498493,5e+17,41a322b28d0ff354040e2cbc676f0320d8c8850d,0x6755b7898303ef8970df4d2356ae8c524d4c54b303981bfa6dad422bcc4a1e4c-573
155,5fae9d4b591f213b3ba75287f2cfac0883d17f7a,085627c26cdc6fa43ad562e0eb636c1cec498493,1e+18,41a322b28d0ff354040e2cbc676f0320d8c8850d,0x9dd9902299731294d94e97d29cb67d468abd964e7e5f3e0e966a119f05055adb-85
106,d6d6403ded517f2b7ab4fcbdc69b8718cdadb5cb,085627c26cdc6fa43ad562e0eb636c1cec498493,4.7e+17,41a322b28d0ff354040e2cbc676f0320d8c8850d,0x45105219ced1ab1bce3d70c54e747d4071b087aa519be66f942c003335083522-54
79,4cc94028024bb109784690d71a4a010241aa6689,085627c26cdc6fa43ad562e0eb636c1cec498493,2.5e+17,41a322b28d0ff354040e2cbc676f0320d8c8850d,0x4dd2f2d124ce8e434ed6985244d31219fee6f36d391bf11cc3dfbde8e49ffa33-81
145,21316e6a4f0af45e5f1503984e83b10c53b177d8,085627c26cdc6fa43ad562e0eb636c1cec498493,1.2e+18,41a322b28d0ff354040e2cbc676f0320d8c8850d,0xfc3f14e1b8ce6be843c6a55ff8b048feb9c8cfeb118786ed483dfc0737662f75-82
650,8e23b400c603e1fd0990b69d7734531f6a0db334,085627c26cdc6fa43ad562e0eb636c1cec498493,5e+17,41a322b28d0ff354040e2cbc676f0320d8c8850d,0x16f980162c1a072c7df68472bd8ed95430e765ea03cb0dc6cacb1999a89c1d67-39
42,21316e6a4f0af45e5f1503984e83b10c53b177d8,aeb70953077c1eceff54b0c65b2a3c54ed7ea185,2.3e+17,41a322b28d0ff354040e2cbc676f0320d8c8850d,0x3e3c2ceae46c13e2cbb8acc5ff16d98ad5e7040f9f90d527ba967edbff02c369-63
566,234ff6b1fe028fcc7cc9dbc52d0532d9e7ae7f2f,aeb70953077c1eceff54b0c65b2a3c54ed7ea185,1e+17,41a322b28d0ff354040e2cbc676f0320d8c8850d,0x6fa2e0856046c0e143b27709a4cfb93042e3ffb8665c26f7d1e8b798e2bf63a7-44
497,39c040b50a13894e19dfbb0af47ac9bade9926da,aeb70953077c1eceff54b0c65b2a3c54ed7ea185,7.5e+16,41a322b28d0ff354040e2cbc676f0320d8c8850d,0x58ad790dceb9486faa9e1ea4e7023c2e42e513bf6f4ac432f05e1a332fdcdf34-136
646,da5e56e6a41230ed87f39b7c65ede7a8373de403,7ea92dbce5387f8ff480fe5d557abd4c7b09054f,5e+17,41a322b28d0ff354040e2cbc676f0320d8c8850d,0xb23cebbf51c46644f2342d8b24a44eda12bd028af453c9b5ced9db03d1ea31e9-180
90,4cc94028024bb109784690d71a4a010241aa6689,aeb70953077c1eceff54b0c65b2a3c54ed7ea185,2.5e+17,41a322b28d0ff354040e2cbc676f0320d8c8850d,0x602500469750eacdd693a08fefba54ff54636460acf61b4e0a9fa93afbdb4797-93
168,981276d81272f7cd8808701645741db1abacad56,2b3ab8e7bb14988616359b78709538b10900ab7d,5e+17,41a322b28d0ff354040e2cbc676f0320d8c8850d,0x3dd15ead246d9db4f687cea52ced37a8ca6cc923d52de3e5018b3c56b43628a9-16
629,77350e1152efd5f2d807a6124015c629a907155e,9993d3a6d5a26f1d37220fcb16947a8b16998c9f,1e+17,41a322b28d0ff354040e2cbc676f0320d8c8850d,0xf8b93b24ea32c56a799b5282f8de6da16bd9a99ed6ffbdce2957d065731f6783-59
172,6853a596d6d7264d3622546da3b891b6fe17eb82,2b3ab8e7bb14988616359b78709538b10900ab7d,6e+17,41a322b28d0ff354040e2cbc676f0320d8c8850d,0x3e87466d98d0671b2abf282600583e3436553e0d59597f92beb88c66dd41e4ff-66
521,ced2662fe30d876bef52f219eeac67e2b328effc,aeb70953077c1eceff54b0c65b2a3c54ed7ea185,1.5e+17,41a322b28d0ff354040e2cbc676f0320d8c8850d,0xc9fc8aeb9e456430f560d8985a98041be1e249bd7f10e46a69b4f6cad823c881-118
500,77350e1152efd5f2d807a6124015c629a907155e,aeb70953077c1eceff54b0c65b2a3c54ed7ea185,5e+16,41a322b28d0ff354040e2cbc676f0320d8c8850d,0x42493b9c401ab94e84589baca9bf123fa6864d7a5a2f297c5ac0007fd111e19c-153
663,0b715ca8dc39e7f8a480d28d9822ae02f0a57008,89c5dca00b9bf5ad746b91ec911c56cb4aee17f0,5e+17,41a322b28d0ff354040e2cbc676f0320d8c8850d,0x1941ae0e098ebdfb3ce31783d7b464c4138ca7e0de8b6caf7b4c6dc539c256f9-102
19,47709726b5bdc4c8c97de43691d93821d5b14103,89c5dca00b9bf5ad746b91ec911c56cb4aee17f0,5e+17,41a322b28d0ff354040e2cbc676f0320d8c8850d,0xbcb4881f31a340be91675f685b4a076962470ba4d3b269f7f49813f0fa6cd194-67
607,b7734b5c378fd169d2b9720d0d5ac1a7b30f9fc9,53884d6d5edc031cf063c36103710583631f0f3c,5e+17,41a322b28d0ff354040e2cbc676f0320d8c8850d,0x5dac7d97ed3fb3ea83c6394b6e1b9d274fa26081268583fd713b720cfde3c299-25
608,b7734b5c378fd169d2b9720d0d5ac1a7b30f9fc9,e5fdedd718bdf40904d67658fa4b9629a7a8b515,5e+17,41a322b28d0ff354040e2cbc676f0320d8c8850d,0x8d8258fc977cd82dc13b233d6bba68e24b254eee14bac3fba1307b825727af98-52
702,509de581ff7d32b7c38e95122de8b3ca59da9159,337101def3eeb6f06e071efe02216274507937bb,1e+17,41a322b28d0ff354040e2cbc676f0320d8c8850d,0x45c1aa794c84e79b7bb081d3defb44591c4512e3895cd417ef2e113d658a0e35-67
711,191bbca32478b3ec3eb58f5569e6a86b8c6d92eb,ff02ddbab49a8d2853daf0a9c6d42ccfb4f21f40,1.8e+17,41a322b28d0ff354040e2cbc676f0320d8c8850d,0x6ceece2353d028c821ceb3980df0d381fa3b77c3c118d5d6b42bc0518dfb39aa-95
776,94ea44d8cb575032373a9925f794be48a2b806e7,7ec5c34f817867b10ff34d76dbc7ac2b9240ce85,1.5e+17,41a322b28d0ff354040e2cbc676f0320d8c8850d,0x148870ddf45522d343eea4bad0db780d603b9938568b8270d92bff4ef808bcde-18
113,1cf4d277263024d212c49ae0afb1ac5e8ab04cf4,337101def3eeb6f06e071efe02216274507937bb,4e+18,41a322b28d0ff354040e2cbc676f0320d8c8850d,0xd660ad5af327ed40dd8164432b248a5b4ed1f851e80e9a326d37d84cfc2fec41-107
693,60d38778adbbeeac88f741b833cbb9877228eea0,b25219a402f18160d30b7e827cf9f592989b081b,1e+17,41a322b28d0ff354040e2cbc676f0320d8c8850d,0xd04691c12571e3112b018bfd36ce61ba5297c56ca351d6c0317a93d3f5ecef6c-105
849,da5e56e6a41230ed87f39b7c65ede7a8373de403,b25219a402f18160d30b7e827cf9f592989b081b,3.3e+17,41a322b28d0ff354040e2cbc676f0320d8c8850d,0xaea818082389e33984cd53149c538028cc59773458525b7fd54f61167d0aae11-204
118,55372173689c288552885d897d32f5f706f79aa6,b3007ff3c3f40bdf0126fec7c8e43c3fc50ea813,1e+18,41a322b28d0ff354040e2cbc676f0320d8c8850d,0xb18c3b3e86301fc23f7b1ecd846519300aa5ba0de14a71e5b4eefd5a270f9b63-61
719,981276d81272f7cd8808701645741db1abacad56,337101def3eeb6f06e071efe02216274507937bb,5e+17,41a322b28d0ff354040e2cbc676f0320d8c8850d,0x3321aca1bd06acbe0dc226d3b0f0a33a5d58176248473815831eb4e8785f72d7-65
107,d6d6403ded517f2b7ab4fcbdc69b8718cdadb5cb,89c5dca00b9bf5ad746b91ec911c56cb4aee17f0,4.7e+17,41a322b28d0ff354040e2cbc676f0320d8c8850d,0xa9ba8f9ec11c8e4102896ba6829865aa3ba6321bbe3bfff3225c406bd9090ec9-58
496,ced2662fe30d876bef52f219eeac67e2b328effc,b3007ff3c3f40bdf0126fec7c8e43c3fc50ea813,1.5e+17,41a322b28d0ff354040e2cbc676f0320d8c8850d,0x7bb683f78afc10c2b42584afa8375d61f99eafe74a0fb2a8d05293c8f8715dc9-59
600,60d38778adbbeeac88f741b833cbb9877228eea0,ec8c1050b45789f9ee4d09dcc7d64aaf9e233338,1.6e+17,41a322b28d0ff354040e2cbc676f0320d8c8850d,0x977bbf6837a38ddfb503e6b080e65d8a50caa6557fdd65dc5136a45160a00af7-63
753,39cc9c86e67baf2129b80fe3414c397492ea8026,6853a596d6d7264d3622546da3b891b6fe17eb82,5e+17,41a322b28d0ff354040e2cbc676f0320d8c8850d,0x1c9d0b78a7817928fac2d72c535dc5d9c4b7c4e6286bbdcb7ffe6b0a45e3005d-92
892,0da07e67c2ca3a3cfcb58af115e1c0ed64f69f96,10017ca37b1257ac0771e24652aa28c758e378eb,3.3e+17,41a322b28d0ff354040e2cbc676f0320d8c8850d,0xfcafa806ae91148b0b4c8f78c0a6ddcf4d983b326d66f57416f160f7255494b6-83
886,da5e56e6a41230ed87f39b7c65ede7a8373de403,10017ca37b1257ac0771e24652aa28c758e378eb,5e+17,41a322b28d0ff354040e2cbc676f0320d8c8850d,0x4fc87be10fab5135c1aa65b5bb641c533f10f11be79b421876abd076ebd6527a-39
777,d0c877b474cd51959931a7f70d7a6c60f50cdae7,10017ca37b1257ac0771e24652aa28c758e378eb,1.5e+17,41a322b28d0ff354040e2cbc676f0320d8c8850d,0xc857bd3fec8305e8975ec22db4ebdf9f44b68b927b00cb6d2dd832e11d5b7523-11
494,ced2662fe30d876bef52f219eeac67e2b328effc,10017ca37b1257ac0771e24652aa28c758e378eb,1.5e+17,41a322b28d0ff354040e2cbc676f0320d8c8850d,0xb74787313ff2aae4e484d4df06ba8c25f0d69eb968768e60b5486edb356ba58b-79
876,0da07e67c2ca3a3cfcb58af115e1c0ed64f69f96,10017ca37b1257ac0771e24652aa28c758e378eb,1.23456789e+17,41a322b28d0ff354040e2cbc676f0320d8c8850d,0x73817898b0ccd1f63172de8aa77cf8642d8969d86f07cea0c992b3e62db082ac-76
879,d0c877b474cd51959931a7f70d7a6c60f50cdae7,17f55f9d9f9ab3187060c07d4eaee2bd8e2b31dc,1.5e+17,41a322b28d0ff354040e2cbc676f0320d8c8850d,0x32af72bf3b0b7e4c41ec7d1288971895e2cd81e3dda99429d86599385bed1a6a-135
576,234ff6b1fe028fcc7cc9dbc52d0532d9e7ae7f2f,10017ca37b1257ac0771e24652aa28c758e378eb,1e+17,41a322b28d0ff354040e2cbc676f0320d8c8850d,0x16e0db506a1c23331f0b3cd293dc8f02b7d36f8bb17185ab8be2d6052e71de16-55
557,234ff6b1fe028fcc7cc9dbc52d0532d9e7ae7f2f,10017ca37b1257ac0771e24652aa28c758e378eb,1e+17,41a322b28d0ff354040e2cbc676f0320d8c8850d,0x3565baa47b122d48943331ebc0c2d50989bab3ad138014f4c6f56c9343041107-29
565,234ff6b1fe028fcc7cc9dbc52d0532d9e7ae7f2f,10017ca37b1257ac0771e24652aa28c758e378eb,1e+17,41a322b28d0ff354040e2cbc676f0320d8c8850d,0x7768a995d0d4e788c7708b358e9f4d88fe39c9f0b3e3a544e3b7f8a2f3a132dd-131
913,5b0d92e138422428d8e5afab8ee8f99ba9a4e613,10017ca37b1257ac0771e24652aa28c758e378eb,2.5e+17,41a322b28d0ff354040e2cbc676f0320d8c8850d,0x504c88b673dc4cfa4346ce40cc015a54e3bcd047f9709b0d3927b5a6977d0000-63
697,da5e56e6a41230ed87f39b7c65ede7a8373de403,10017ca37b1257ac0771e24652aa28c758e378eb,7.5e+17,41a322b28d0ff354040e2cbc676f0320d8c8850d,0x656addbead7d3a8fa77545e656ec2dd2888d016ca36482eea9dbf3fe7c95da10-78
810,da5e56e6a41230ed87f39b7c65ede7a8373de403,10017ca37b1257ac0771e24652aa28c758e378eb,3.3e+17,41a322b28d0ff354040e2cbc676f0320d8c8850d,0x410bb4b21bda7a385dd8046cd9bfbf50daf6b285b6d90e43869a181ec8ed60ce-70
915,b3007ff3c3f40bdf0126fec7c8e43c3fc50ea813,10017ca37b1257ac0771e24652aa28c758e378eb,5e+17,41a322b28d0ff354040e2cbc676f0320d8c8850d,0xeb6949d8f672e2fb2f44ed84cd3dd6e6d2000be012ff10fc6b406e87e9d673f0-23
188,b95f9f4a05e0b029010d624ae43ff7e762a15571,10017ca37b1257ac0771e24652aa28c758e378eb,1.5e+17,41a322b28d0ff354040e2cbc676f0320d8c8850d,0x0a6fc714c3fa3af8ff32a2b149568edb4179172bb8db865f2a671bdbb16ccfe4-103
848,5b0d92e138422428d8e5afab8ee8f99ba9a4e613,10017ca37b1257ac0771e24652aa28c758e378eb,1.5e+18,41a322b28d0ff354040e2cbc676f0320d8c8850d,0x2e7f19c12e47f18a026463350dba414114b8578fc56e0d850ead784f9ad9af8c-58
618,d0c877b474cd51959931a7f70d7a6c60f50cdae7,10017ca37b1257ac0771e24652aa28c758e378eb,1e+18,41a322b28d0ff354040e2cbc676f0320d8c8850d,0x60eddffd493257537bbdfd860954beb652a5e29fdeb0d18f5c229a1b25932ab2-43
878,d0c877b474cd51959931a7f70d7a6c60f50cdae7,10017ca37b1257ac0771e24652aa28c758e378eb,1.5e+17,41a322b28d0ff354040e2cbc676f0320d8c8850d,0xf540e46b7536a5c697b57814faac36dae30ad4240516b506a315d5e7d3d0d3d7-51
894,4af4aebe930e938fa11ad28cd2c88645cce739a1,10017ca37b1257ac0771e24652aa28c758e378eb,2.5e+17,41a322b28d0ff354040e2cbc676f0320d8c8850d,0xe166874e752f72470653bb809206c209127f5a045334dea6a38b33bc894352f5-57
854,fce9262f62f564edb7f2aed998ab3a551b5fb0ab,10017ca37b1257ac0771e24652aa28c758e378eb,5e+17,41a322b28d0ff354040e2cbc676f0320d8c8850d,0x0e08047cd1bd5aa2cbaed5337b0a5d8b935de6157eae2c93ded71eee6c7c9908-46
938,576a655161b5502dcf40602be1f3519a89b71658,10017ca37b1257ac0771e24652aa28c758e378eb,2.5e+17,41a322b28d0ff354040e2cbc676f0320d8c8850d,0x155e5a3f4a38cbcd9e86e6a5d6b896c4e04c7c13e8c90f215b478dc72e367a54-21
911,60d38778adbbeeac88f741b833cbb9877228eea0,10017ca37b1257ac0771e24652aa28c758e378eb,5.11e+17,41a322b28d0ff354040e2cbc676f0320d8c8850d,0x413124c44dddbb7613bdb959ca4e98e62597e24d1c7794ec28388b65bf0c50e7-87
718,60d38778adbbeeac88f741b833cbb9877228eea0,10017ca37b1257ac0771e24652aa28c758e378eb,3e+17,41a322b28d0ff354040e2cbc676f0320d8c8850d,0xfd1ba9c90747632455fe37090644187fd6693a284f2f2e8c1d8ece34a7454637-35
726,d0c877b474cd51959931a7f70d7a6c60f50cdae7,f1db8a2623193757317639d0532daa5e3c8ea20c,2.5e+17,41a322b28d0ff354040e2cbc676f0320d8c8850d,0xd83ce8c7d4061053db489a6b3dba72961f440084359a167ed0d086a978e4e9cf-92
949,f8b32d30ac6ab3030595432533d7836fd76b078d,89c5dca00b9bf5ad746b91ec911c56cb4aee17f0,1e+18,41a322b28d0ff354040e2cbc676f0320d8c8850d,0x8b6d4f1e1c5d5d201997ff8223436ff830bd09aad4dea07ea8ff71fac5c48956-134
631,77350e1152efd5f2d807a6124015c629a907155e,10017ca37b1257ac0771e24652aa28c758e378eb,3e+17,41a322b28d0ff354040e2cbc676f0320d8c8850d,0x5044c2cf24dda72547648f805f254c31be3e08a5fee0f28e046ab2d56ea41b65-75
887,b3007ff3c3f40bdf0126fec7c8e43c3fc50ea813,10017ca37b1257ac0771e24652aa28c758e378eb,5e+17,41a322b28d0ff354040e2cbc676f0320d8c8850d,0xc21136f2a69317f486486028cd9878631922086211de740185736110f71b0c22-23
884,f8b32d30ac6ab3030595432533d7836fd76b078d,10017ca37b1257ac0771e24652aa28c758e378eb,5e+17,41a322b28d0ff354040e2cbc676f0320d8c8850d,0x1ee8b99d26aa8f6c85f0979b8bee7fbe67ebfdde0b880fb240dd6c5d6d4b0dcf-8
658,0b715ca8dc39e7f8a480d28d9822ae02f0a57008,10017ca37b1257ac0771e24652aa28c758e378eb,4.99999e+17,41a322b28d0ff354040e2cbc676f0320d8c8850d,0x2285e29992bb732ec75c50e2655e47052c9a9da641ed66501cd0971e795c66b4-60
881,5b0d92e138422428d8e5afab8ee8f99ba9a4e613,10017ca37b1257ac0771e24652aa28c758e378eb,6e+17,41a322b28d0ff354040e2cbc676f0320d8c8850d,0xaea3fbddde975e26ddcce3d70109a7b5a62c89d7e19ed716d25a72f1927b4027-154
955,f8b32d30ac6ab3030595432533d7836fd76b078d,5b0d92e138422428d8e5afab8ee8f99ba9a4e613,5e+17,41a322b28d0ff354040e2cbc676f0320d8c8850d,0x4246e564690fd0a7382d775168566508fc20cf917df9ac9ef040cc623708eb89-66
966,f8b32d30ac6ab3030595432533d7836fd76b078d,5b0d92e138422428d8e5afab8ee8f99ba9a4e613,1e+18,41a322b28d0ff354040e2cbc676f0320d8c8850d,0xa3d32782f7d76583406182877459cd91488314406424a89d75b85ecfcdf039bc-80
963,f8b32d30ac6ab3030595432533d7836fd76b078d,89c5dca00b9bf5ad746b91ec911c56cb4aee17f0,5e+17,41a322b28d0ff354040e2cbc676f0320d8c8850d,0xad18b662fa5b922caaf718ff4f2c057cbcd28a14ea990388e0ada99661fd5bc9-54
956,191bbca32478b3ec3eb58f5569e6a86b8c6d92eb,7ea92dbce5387f8ff480fe5d557abd4c7b09054f,5e+17,41a322b28d0ff354040e2cbc676f0320d8c8850d,0xca158c49447f2e2f2e51952a22f8faefd834167b472ebccf13bb1ada188988f4-52
880,da5e56e6a41230ed87f39b7c65ede7a8373de403,7ea92dbce5387f8ff480fe5d557abd4c7b09054f,1e+18,41a322b28d0ff354040e2cbc676f0320d8c8850d,0x53f502a77efd542325e856a37ece3c2cbacfd9a72d2e695d00a5e9ab61ebaadf-41
574,234ff6b1fe028fcc7cc9dbc52d0532d9e7ae7f2f,10017ca37b1257ac0771e24652aa28c758e378eb,1e+17,41a322b28d0ff354040e2cbc676f0320d8c8850d,0x651e30626875edc1e102095e405f6f79e5dae610111f8a5db7e87dcb95f8337a-22
620,77350e1152efd5f2d807a6124015c629a907155e,10017ca37b1257ac0771e24652aa28c758e378eb,5e+16,41a322b28d0ff354040e2cbc676f0320d8c8850d,0x80c985d9a106046f15c92821eea472e9f33d5eddcb3d665963a9296f46a331f6-20
973,ab3627317c43d394eb171170f818153b976d28a3,10017ca37b1257ac0771e24652aa28c758e378eb,9e+16,41a322b28d0ff354040e2cbc676f0320d8c8850d,0x76a8e3bbbafd4e2316b186709f225928249bc993a987cd66d227846962d5254e-21
942,60d38778adbbeeac88f741b833cbb9877228eea0,10017ca37b1257ac0771e24652aa28c758e378eb,5e+17,41a322b28d0ff354040e2cbc676f0320d8c8850d,0xa10243e352d4291f7707d69804983e39a422add5211299a54d158c7d5899c88a-71
961,f8b32d30ac6ab3030595432533d7836fd76b078d,10017ca37b1257ac0771e24652aa28c758e378eb,5e+17,41a322b28d0ff354040e2cbc676f0320d8c8850d,0x1d34911e7f9257f0196d8c6a9a7588de417cdb99231f6a45520f0b6c6413cb88-44
701,77350e1152efd5f2d807a6124015c629a907155e,10017ca37b1257ac0771e24652aa28c758e378eb,1.25e+17,41a322b28d0ff354040e2cbc676f0320d8c8850d,0xc1d8628ae9eb3ae2230a47efbed5ef82aaa6e73657543b7941593b6c2e4c19e1-88
971,39cc9c86e67baf2129b80fe3414c397492ea8026,10017ca37b1257ac0771e24652aa28c758e378eb,1e+18,41a322b28d0ff354040e2cbc676f0320d8c8850d,0xe882a2cc0716f9cd1279d0001d9abc1678aa4932b41f22c0f6a4749b579e46db-57
721,191bbca32478b3ec3eb58f5569e6a86b8c6d92eb,10017ca37b1257ac0771e24652aa28c758e378eb,1e+18,41a322b28d0ff354040e2cbc676f0320d8c8850d,0x1a8157fb15f5fb214776cbf6621cad3c43fcdeb255ab229a073968f76d8e4448-59
789,99edf1f758f70b4e27db284ec32ab8ad3b1fa2cf,10017ca37b1257ac0771e24652aa28c758e378eb,1e+18,41a322b28d0ff354040e2cbc676f0320d8c8850d,0xb77c6c973f25a1ad8f04ecde2436f19ba05ed9c5b24cab78a6cd920eb84cadaa-84
751,39cc9c86e67baf2129b80fe3414c397492ea8026,10017ca37b1257ac0771e24652aa28c758e378eb,1e+18,41a322b28d0ff354040e2cbc676f0320d8c8850d,0xc5b2ae835bf7457012eb188b7796d63cf18c28ec04f612bb3f7e713b7d02d185-36
652,77350e1152efd5f2d807a6124015c629a907155e,10017ca37b1257ac0771e24652aa28c758e378eb,1e+17,41a322b28d0ff354040e2cbc676f0320d8c8850d,0x9707c63ea2bb7dc21bf644e9c6e8cbc74f0c7a7bc7ef16eafa15906d4a936020-17
575,60d38778adbbeeac88f741b833cbb9877228eea0,10017ca37b1257ac0771e24652aa28c758e378eb,1e+17,41a322b28d0ff354040e2cbc676f0320d8c8850d,0x608738a8cb5028e43105bc749bb499540fc7ed33de6e80293d3dd9aee7de44f8-6
1000,99edf1f758f70b4e27db284ec32ab8ad3b1fa2cf,5b0d92e138422428d8e5afab8ee8f99ba9a4e613,1e+15,41a322b28d0ff354040e2cbc676f0320d8c8850d,0xa54d91f2dbf5411fad57e543805c344205346c00840a237d20045a2f35a8785c-80
1000,576a655161b5502dcf40602be1f3519a89b71658,b3007ff3c3f40bdf0126fec7c8e43c3fc50ea813,1e+15,41a322b28d0ff354040e2cbc676f0320d8c8850d,0xf80d3f4f992fac1ca3d74161a03f32e0b692d2371f587a977918a296771f10ed-28
1000,b3007ff3c3f40bdf0126fec7c8e43c3fc50ea813,335e19b3f5dcfa2e398ee7d5ff430a1f8ccc88b2,1e+15,41a322b28d0ff354040e2cbc676f0320d8c8850d,0xd4e027d116304a8dc42bceb6ec4355c46c971b0e667cdd9752c6cb591014c074-67
1000,335e19b3f5dcfa2e398ee7d5ff430a1f8ccc88b2,d04c453461a77b342fea9d1fec55861399401122,1e+15,41a322b28d0ff354040e2cbc676f0320d8c8850d,0x92d8f1dafeda7c584dbe2fa5597bfdef21ac14eed581ce6c00a9a9312c3e90ce-5
965,5b0d92e138422428d8e5afab8ee8f99ba9a4e613,10017ca37b1257ac0771e24652aa28c758e378eb,1.5e+18,41a322b28d0ff354040e2cbc676f0320d8c8850d,0x1b8b2c8cfae1a36f02a767e40f8af30ccb3d83a597c6ca9e35d56b9a46e6e006-147
717,191bbca32478b3ec3eb58f5569e6a86b8c6d92eb,10017ca37b1257ac0771e24652aa28c758e378eb,1e+18,41a322b28d0ff354040e2cbc676f0320d8c8850d,0x41d2624759e8240bd8d554d005637c72ae29c2c1dab420a542d9884b133a47b4-4
912,77350e1152efd5f2d807a6124015c629a907155e,da5e56e6a41230ed87f39b7c65ede7a8373de403,2.5e+17,41a322b28d0ff354040e2cbc676f0320d8c8850d,0xbe72cbd7da3891d2e5f93c53520fbe39096fe0b824aee30c61ba4e8a4607807d-59
163,981276d81272f7cd8808701645741db1abacad56,10017ca37b1257ac0771e24652aa28c758e378eb,1.8e+18,41a322b28d0ff354040e2cbc676f0320d8c8850d,0x26feca410dee9cbc868286cc7e3e22b2b1383546f3388f2526057083ead8a229-48
860,77350e1152efd5f2d807a6124015c629a907155e,10017ca37b1257ac0771e24652aa28c758e378eb,5e+17,41a322b28d0ff354040e2cbc676f0320d8c8850d,0x49468856033a22eb7943ffb70c7606090668e06893980272a87ad79abe72ad28-106
164,6853a596d6d7264d3622546da3b891b6fe17eb82,10017ca37b1257ac0771e24652aa28c758e378eb,4e+17,41a322b28d0ff354040e2cbc676f0320d8c8850d,0x353dc5dbfdf28a972395934235b0feb09050276aa723591bf184bd4d50f64234-67
761,77350e1152efd5f2d807a6124015c629a907155e,10017ca37b1257ac0771e24652aa28c758e378eb,5e+17,41a322b28d0ff354040e2cbc676f0320d8c8850d,0xebe3780e0792039e310718b42d537157af4d5cf4b5e052ec6c40fa99490e372c-91
1027,60d38778adbbeeac88f741b833cbb9877228eea0,10017ca37b1257ac0771e24652aa28c758e378eb,1e+18,41a322b28d0ff354040e2cbc676f0320d8c8850d,0xd35020d2d332078822cab75815508d9784f2b85bb91bafd2e04933e1a64875fe-8
1029,e13d4abee4b304b67c52a56871141cad1b833aa7,10017ca37b1257ac0771e24652aa28c758e378eb,5e+17,41a322b28d0ff354040e2cbc676f0320d8c8850d,0x9a902a72ba0a8a7a04087b93f72b1b75968fc39bb915985255749ff9ca50b6e4-54
601,77350e1152efd5f2d807a6124015c629a907155e,10017ca37b1257ac0771e24652aa28c758e378eb,1e+17,41a322b28d0ff354040e2cbc676f0320d8c8850d,0xc9806b19e9164adab0e4c15229f9bddfa910ea2aa78e53f63558b3abf7d42b8d-29
1000,60d38778adbbeeac88f741b833cbb9877228eea0,5c25aac680e826490c82cd5ea0c5dcb5ffe5b05a,1e+15,41a322b28d0ff354040e2cbc676f0320d8c8850d,0x53115b00872c99e530ca69171cd33e14c05cdac384de1a1325242e06cac6ef86-22
980,576a655161b5502dcf40602be1f3519a89b71658,1464d4e3c815de3028572b850c6c34dfc57e9320,4e+17,41a322b28d0ff354040e2cbc676f0320d8c8850d,0x5f11a3f8adb820b2fc9f93978c350d163ee47dff5d9884816df37739df0ea95a-38
1039,e13d4abee4b304b67c52a56871141cad1b833aa7,5462dee16b3f4d240ebbe52c9c4214c912ccdda4,5e+17,41a322b28d0ff354040e2cbc676f0320d8c8850d,0xc3cbaea050dc976d830373db28b6bd8d685889a56eeeac5d45e9112b6378e76e-45
1039,e13d4abee4b304b67c52a56871141cad1b833aa7,5462dee16b3f4d240ebbe52c9c4214c912ccdda4,5e+17,41a322b28d0ff354040e2cbc676f0320d8c8850d,0x1fbfd671f08b449b52a1d9050ca436ea3ffd6c80a4afe8c66a03fbce3ad3121f-59
1038,e13d4abee4b304b67c52a56871141cad1b833aa7,5462dee16b3f4d240ebbe52c9c4214c912ccdda4,5e+17,41a322b28d0ff354040e2cbc676f0320d8c8850d,0x82ecdda290f9c2483d0f854190d525e32353f84d959beb78eb5ddb3d49c8c415-80
130,bc74c3adc2aa6a85bda3eca5b0e235ca08532772,89c5dca00b9bf5ad746b91ec911c56cb4aee17f0,1.49e+18,41a322b28d0ff354040e2cbc676f0320d8c8850d,0xda102679e819c53f09661348a24fa44df99f06c5b83cec6da78a66a19ad36222-65
1002,5b0d92e138422428d8e5afab8ee8f99ba9a4e613,337101def3eeb6f06e071efe02216274507937bb,3.5e+17,41a322b28d0ff354040e2cbc676f0320d8c8850d,0x7e457e599227ed878e00be2b53d585faa8c0c1fa5eb3e1f22d689d2886d7529f-42
820,e5fdedd718bdf40904d67658fa4b9629a7a8b515,337101def3eeb6f06e071efe02216274507937bb,2.5e+17,41a322b28d0ff354040e2cbc676f0320d8c8850d,0x8c280f51d48b8f6048979d791f30681993a9924bb572cdca7c0d405ffc4f7b3a-111
1023,01cb023186cab05220554ee75b4d69921dd051f1,10017ca37b1257ac0771e24652aa28c758e378eb,3.6e+17,41a322b28d0ff354040e2cbc676f0320d8c8850d,0x77ffaa947280c9495717dc8cd1436b2356293a34b22ac56ae0f450e1bb85ac8f-59
1058,4af4aebe930e938fa11ad28cd2c88645cce739a1,10017ca37b1257ac0771e24652aa28c758e378eb,5e+17,41a322b28d0ff354040e2cbc676f0320d8c8850d,0x635f733203e8b1fa92fa6c54396c9fd02b2fc805782d81b2e31e7b7739df61a0-60
950,5b0d92e138422428d8e5afab8ee8f99ba9a4e613,337101def3eeb6f06e071efe02216274507937bb,2.5e+17,41a322b28d0ff354040e2cbc676f0320d8c8850d,0xebec05010c753d7cab9bf4d711ec4ee0b88de3e8bc2266bfcc07ec092b2844c4-29
1054,01cb023186cab05220554ee75b4d69921dd051f1,b3007ff3c3f40bdf0126fec7c8e43c3fc50ea813,1e+17,41a322b28d0ff354040e2cbc676f0320d8c8850d,0xf03f9819197d8fc67a94503a102c4f25065ce1019924bf57560f4c2f3c6f26b0-36
1001,5b0d92e138422428d8e5afab8ee8f99ba9a4e613,10017ca37b1257ac0771e24652aa28c758e378eb,3.5e+17,41a322b28d0ff354040e2cbc676f0320d8c8850d,0x5d747d2f1e6138110f0d5546a8b8fd5b99c3c0df83aa093ad1934df6ed3f0450-102
945,5b0d92e138422428d8e5afab8ee8f99ba9a4e613,10017ca37b1257ac0771e24652aa28c758e378eb,4e+17,41a322b28d0ff354040e2cbc676f0320d8c8850d,0x20850f983fbb93e7d38d6faa1d8d6509e29c2f69793e298812e0320b93b4cd4c-43
713,77350e1152efd5f2d807a6124015c629a907155e,335e19b3f5dcfa2e398ee7d5ff430a1f8ccc88b2,1.5e+17,41a322b28d0ff354040e2cbc676f0320d8c8850d,0x55bafacfe0303b14e484a1e9a92bf1e7538e1589f9d691a1c6ce1ec465c3d156-147
514,5cbb31e39ca93ca13d8e9f686bf749b14076bc65,f9196f9f176fd2ef9243e8960817d5fbe63d79aa,5e+17,41a322b28d0ff354040e2cbc676f0320d8c8850d,0x79a3a639781b283c745cc98d1bf997fe31af3e844b16812b9acd31d57b1dd1b7-122
1052,01cb023186cab05220554ee75b4d69921dd051f1,335e19b3f5dcfa2e398ee7d5ff430a1f8ccc88b2,2e+17,41a322b28d0ff354040e2cbc676f0320d8c8850d,0x110d3b638d16d8d06a383ae2b74eac743e696e61b78155289057b4fc90f06f34-41
513,5cbb31e39ca93ca13d8e9f686bf749b14076bc65,10017ca37b1257ac0771e24652aa28c758e378eb,5e+17,41a322b28d0ff354040e2cbc676f0320d8c8850d,0x06f6ad66203c5a5501438b97952a736406911ca5a846043c0592235f6d9951c6-82
896,fce9262f62f564edb7f2aed998ab3a551b5fb0ab,7ea92dbce5387f8ff480fe5d557abd4c7b09054f,5e+17,41a322b28d0ff354040e2cbc676f0320d8c8850d,0x19d7bb6cf36ec7041afca37a151b042aca7485be8f8db6f4ce5266dd28d51f84-4
1095,21316e6a4f0af45e5f1503984e83b10c53b177d8,10017ca37b1257ac0771e24652aa28c758e378eb,1.3e+18,41a322b28d0ff354040e2cbc676f0320d8c8850d,0x4d1d00d0d16a0c706dbf83cf3a5f8d76c8081c0b236335df392afd0b1de7b29d-69
1101,5b0d92e138422428d8e5afab8ee8f99ba9a4e613,10017ca37b1257ac0771e24652aa28c758e378eb,8e+17,41a322b28d0ff354040e2cbc676f0320d8c8850d,0xe1b5bca9a959d91014bbd4b75e01e14e15531944102bcfbdb9e6853926f56d74-165
495,ced2662fe30d876bef52f219eeac67e2b328effc,b3007ff3c3f40bdf0126fec7c8e43c3fc50ea813,1.5e+17,41a322b28d0ff354040e2cbc676f0320d8c8850d,0x0842ccce0b0dc96b0eaa4af469fa2bc24625fe4cfdcafce3317b40e75e139700-52
495,ced2662fe30d876bef52f219eeac67e2b328effc,b3007ff3c3f40bdf0126fec7c8e43c3fc50ea813,1.5e+17,41a322b28d0ff354040e2cbc676f0320d8c8850d,0x8a55c407527a527bf70da7e0b12b0e21c3b7db3bef2e79c44d1f5f62f64ca41b-93
119,b8903d33924b10b9cda7fd9505e395f1ae0b8532,b3007ff3c3f40bdf0126fec7c8e43c3fc50ea813,2e+18,41a322b28d0ff354040e2cbc676f0320d8c8850d,0x4b0147a9d9b7ad9c40d24c5241f9a166fe835e608e8828993dd9b239b1be7a22-29
491,ced2662fe30d876bef52f219eeac67e2b328effc,10017ca37b1257ac0771e24652aa28c758e378eb,1.5e+17,41a322b28d0ff354040e2cbc676f0320d8c8850d,0xa76b63272d8970de1baa0c9cc0c5223285e7b55d4e8c88eb1c44e50053db13b0-40
1051,01cb023186cab05220554ee75b4d69921dd051f1,10017ca37b1257ac0771e24652aa28c758e378eb,3e+17,41a322b28d0ff354040e2cbc676f0320d8c8850d,0xf48bf2d1dec22c3d74fe11dc6f50ebd5c67994032416fce371c6f0854f4db453-103
1053,01cb023186cab05220554ee75b4d69921dd051f1,b3007ff3c3f40bdf0126fec7c8e43c3fc50ea813,1e+17,41a322b28d0ff354040e2cbc676f0320d8c8850d,0xdc2b459461ac2b5d30558d3abff9c456360f2f5c09364e5663e3322c318d8310-35
988,ab3627317c43d394eb171170f818153b976d28a3,576a655161b5502dcf40602be1f3519a89b71658,1e+17,41a322b28d0ff354040e2cbc676f0320d8c8850d,0x730280c943d379b965d0fc6b968060ac315f56c66b0e6397d8aee75103819883-70
755,191bbca32478b3ec3eb58f5569e6a86b8c6d92eb,10017ca37b1257ac0771e24652aa28c758e378eb,5e+17,41a322b28d0ff354040e2cbc676f0320d8c8850d,0xdcb2fa14a404f6e04ba02cdced79779f3c33d48d661b68793687c4fbafa54cb0-20
1116,77350e1152efd5f2d807a6124015c629a907155e,10017ca37b1257ac0771e24652aa28c758e378eb,1e+18,41a322b28d0ff354040e2cbc676f0320d8c8850d,0xdcb2fa14a404f6e04ba02cdced79779f3c33d48d661b68793687c4fbafa54cb0-23
1131,92fab452e2f14c7730f79031906e06326c916946,10017ca37b1257ac0771e24652aa28c758e378eb,1e+18,41a322b28d0ff354040e2cbc676f0320d8c8850d,0x556b348c17ecb443d1c3df77a2b147c819b15801689b9b0e3c138b841d56f96f-247
861,77350e1152efd5f2d807a6124015c629a907155e,10017ca37b1257ac0771e24652aa28c758e378eb,5e+17,41a322b28d0ff354040e2cbc676f0320d8c8850d,0x04618099743f2a6ce77393c6bbc9fdc940541b7a935bd2a6874c93f3f8048d16-53
1025,60d38778adbbeeac88f741b833cbb9877228eea0,9ef4acc2fd5cde01ece05bd4e44732a023ed7845,5e+17,41a322b28d0ff354040e2cbc676f0320d8c8850d,0x514363e8861e79b102a6c75ce9c8546102e8567f1d580515ab16399939c4957d-47
1076,21316e6a4f0af45e5f1503984e83b10c53b177d8,55372173689c288552885d897d32f5f706f79aa6,1e+18,41a322b28d0ff354040e2cbc676f0320d8c8850d,0x743cf1cbb0365fd775176f0c090750909d7d157bb52682e7b59292c74aa6abce-89
1140,1a1136a351fb653df6af838442c9fdf44f2f42d8,10017ca37b1257ac0771e24652aa28c758e378eb,5e+17,41a322b28d0ff354040e2cbc676f0320d8c8850d,0x3345e24fd22e2f082ca56f71fb05ce44c795f40383716928e73d7be7af8fb445-199
1096,65593b011d6c1726e02bfa17f1370aa3c5f95bb0,10017ca37b1257ac0771e24652aa28c758e378eb,1e+18,41a322b28d0ff354040e2cbc676f0320d8c8850d,0x95932acf4dae90e9b9e4a70d9262e8850720b12c1e0710715cec9a323ae9aefe-96
734,60d38778adbbeeac88f741b833cbb9877228eea0,335e19b3f5dcfa2e398ee7d5ff430a1f8ccc88b2,2e+17,41a322b28d0ff354040e2cbc676f0320d8c8850d,0xfd55d90d44f13bff0eacefae870971808d59eeffe08562e78f6828c6ce53188e-18
1129,076e89fe9e24c191ebee53cceec5356600c8d059,bc8dafeaca658ae0857c80d8aa6de4d487577c63,1.25e+17,41a322b28d0ff354040e2cbc676f0320d8c8850d,0xa4af017a41c4cb8cfbfe0aecfbf426d0eab40406351f05a52bec6699ffbf4d31-32
1188,7f67e80272d6349a70acd0a6d0dc169292431020,f8b32d30ac6ab3030595432533d7836fd76b078d,2e+17,41a322b28d0ff354040e2cbc676f0320d8c8850d,0x19e1276cd04ca886b015cf118ee0730763f89c3fa65d3036b9acbe05efe5f2d2-109
1059,e13d4abee4b304b67c52a56871141cad1b833aa7,ac75b73394c329376c214663d92156afa864a77f,5e+17,41a322b28d0ff354040e2cbc676f0320d8c8850d,0x655249cac4ecb703a3a2f9a4b83dee03ad360dc57efdd29589ba0d8d220cf551-14
1222,e74ef81a02219a2646c2d1fb2e45a9a123fd6fac,da5e56e6a41230ed87f39b7c65ede7a8373de403,1e+18,41a322b28d0ff354040e2cbc676f0320d8c8850d,0x4d6ac79673181a96dc22b5a49fee66f78314b19460183dcbe7a80ab6ac9f8c70-62
1214,7f67e80272d6349a70acd0a6d0dc169292431020,10017ca37b1257ac0771e24652aa28c758e378eb,1.5e+17,41a322b28d0ff354040e2cbc676f0320d8c8850d,0x78087b8f52d260ff3011dcd9e1fea21daf7d33e2d5fe3ed26cd74d3c1394788a-61
1134,21316e6a4f0af45e5f1503984e83b10c53b177d8,10017ca37b1257ac0771e24652aa28c758e378eb,2e+18,41a322b28d0ff354040e2cbc676f0320d8c8850d,0x59b7f46c60aeef864bd363623235ca713788e97342a12e988c7b7fabf697a9fe-95
1260,7f67e80272d6349a70acd0a6d0dc169292431020,10017ca37b1257ac0771e24652aa28c758e378eb,6e+17,41a322b28d0ff354040e2cbc676f0320d8c8850d,0x02683a782b86f0690527150c8b95679aac5b88c6855815a99bfc54e9eb957d45-66
1204,7f67e80272d6349a70acd0a6d0dc169292431020,10017ca37b1257ac0771e24652aa28c758e378eb,2e+17,41a322b28d0ff354040e2cbc676f0320d8c8850d,0xd27104eb13de8ebd370d8124cfda7b6e1c90ef677e76381890a98f458443464d-102
1192,7f67e80272d6349a70acd0a6d0dc169292431020,baba92b7822a56c05554ab5d1bc1d0b7e212499d,2e+17,41a322b28d0ff354040e2cbc676f0320d8c8850d,0x52788dca6a2efb7a915f3e8a153a25fceb24b358b5b98d7c00443ade1ab83486-77
1272,7f67e80272d6349a70acd0a6d0dc169292431020,10017ca37b1257ac0771e24652aa28c758e378eb,4e+17,41a322b28d0ff354040e2cbc676f0320d8c8850d,0xb47c5bb6816bad2aa54578f5ebe51f2fb97ebe4c77044661ac22a7fddbdbe53c-38
1273,7f67e80272d6349a70acd0a6d0dc169292431020,10017ca37b1257ac0771e24652aa28c758e378eb,8e+17,41a322b28d0ff354040e2cbc676f0320d8c8850d,0xae15cbd92372fb895e7068052c4da1a01aa615311673abf8de90543da8816f73-113
1267,7f67e80272d6349a70acd0a6d0dc169292431020,7ea92dbce5387f8ff480fe5d557abd4c7b09054f,6e+17,41a322b28d0ff354040e2cbc676f0320d8c8850d,0x4538e20c2bb0686edaba7b2dc66164b48a98db326d38b2383a03aa3e9913f4aa-44
1286,7f67e80272d6349a70acd0a6d0dc169292431020,baba92b7822a56c05554ab5d1bc1d0b7e212499d,2e+17,41a322b28d0ff354040e2cbc676f0320d8c8850d,0xe38aece7a551696965d32b1e74ab0d9134d30d5eb7a10a848a0b5d9e9f01ad65-100
1288,b3007ff3c3f40bdf0126fec7c8e43c3fc50ea813,ec06218addda0551d54b77950bb9079db88fbea7,5e+16,41a322b28d0ff354040e2cbc676f0320d8c8850d,0xfa247a879e202a88da80238a01c6b701564c32c2e27ca930eba615288ba0c8f7-84
1348,a4ad045d62a493f0ed883b413866448afb13087c,dc19d539369c3da9172de453c05bc503c9ac6bc2,5e+17,41a322b28d0ff354040e2cbc676f0320d8c8850d,0xe1634155596114aa9fb7adfa147eaf793bf13aa24a465c2d3f9553537bce2cea-91
1349,a4ad045d62a493f0ed883b413866448afb13087c,dc19d539369c3da9172de453c05bc503c9ac6bc2,5e+17,41a322b28d0ff354040e2cbc676f0320d8c8850d,0x2e836e98a4b1f28948baab52e025e76a8021cc450c12fd3dabe32f2700ca5a17-69
1006,d0c877b474cd51959931a7f70d7a6c60f50cdae7,dc19d539369c3da9172de453c05bc503c9ac6bc2,5e+17,41a322b28d0ff354040e2cbc676f0320d8c8850d,0x16617f273112a0a8463dc56d9a94b73b91c86f04ae820ca8aff74bdd731dfeb0-15
1005,d0c877b474cd51959931a7f70d7a6c60f50cdae7,dc19d539369c3da9172de453c05bc503c9ac6bc2,5e+17,41a322b28d0ff354040e2cbc676f0320d8c8850d,0x7e0c0061cc8cfd0cc82b2dbe658e9f9a073775c718223b1632c8080fb578d791-55
1265,01cb023186cab05220554ee75b4d69921dd051f1,dc19d539369c3da9172de453c05bc503c9ac6bc2,1e+17,41a322b28d0ff354040e2cbc676f0320d8c8850d,0x4f3aa9a5eb82492d6c5bdcac7292ff42961211fad06bf55e05942970334a942f-26
1053,b3007ff3c3f40bdf0126fec7c8e43c3fc50ea813,dc19d539369c3da9172de453c05bc503c9ac6bc2,2.5e+17,41a322b28d0ff354040e2cbc676f0320d8c8850d,0x108a76e683e4a89f105a4fd1f3195e39cc4563f2c5d016d09f7cc2ce020856ec-89
1028,01cb023186cab05220554ee75b4d69921dd051f1,dc19d539369c3da9172de453c05bc503c9ac6bc2,1e+17,41a322b28d0ff354040e2cbc676f0320d8c8850d,0xaf7e6f5834915f39a464d9bdb38f3ece34b3bfbe88e9f95f1269a306e62914f2-16
1330,5b0d92e138422428d8e5afab8ee8f99ba9a4e613,dc19d539369c3da9172de453c05bc503c9ac6bc2,7.8e+17,41a322b28d0ff354040e2cbc676f0320d8c8850d,0x0f9e091cc643ccd8be0377b9c4458273bdc6fefc32fc8961697c3e5b7eb5c8e6-19
1306,60d38778adbbeeac88f741b833cbb9877228eea0,dc19d539369c3da9172de453c05bc503c9ac6bc2,5e+17,41a322b28d0ff354040e2cbc676f0320d8c8850d,0x768322ad2cb6f0a5b25957c3770598ab14eb0b75cd822c2cee194b5a427f2851-32
99,47709726b5bdc4c8c97de43691d93821d5b14103,dc19d539369c3da9172de453c05bc503c9ac6bc2,3e+17,41a322b28d0ff354040e2cbc676f0320d8c8850d,0x53a94d9a1358bbb9facbdc85b9834205eb5b73a87aa76ca26cdc7bc80763cfcc-22
502,60d38778adbbeeac88f741b833cbb9877228eea0,dc19d539369c3da9172de453c05bc503c9ac6bc2,1.5e+17,41a322b28d0ff354040e2cbc676f0320d8c8850d,0x707c271b911791d5f266bd99ccbd6709c192e40b9ab4bee326894b7d1395ed39-30
62,79f7c440b359dece7f2a74813a94c36e3aba740e,dc19d539369c3da9172de453c05bc503c9ac6bc2,5e+17,41a322b28d0ff354040e2cbc676f0320d8c8850d,0x90f37176764439be76fda6e2ce8f61ac01337aa15244f99426e068cf0a1a5a6d-34
1324,d0c877b474cd51959931a7f70d7a6c60f50cdae7,64c913639c3ed8983d8f3da487a3ca530e51e694,1e+18,41a322b28d0ff354040e2cbc676f0320d8c8850d,0x0f0b8424ad996b36c6a67adddb85c7413b636973dfcc8815020166fb125124fd-67
1410,d0c877b474cd51959931a7f70d7a6c60f50cdae7,10017ca37b1257ac0771e24652aa28c758e378eb,1e+18,41a322b28d0ff354040e2cbc676f0320d8c8850d,0x7288459f3dcf9aa70c26ecf639940720d55d3936c9ca6491d9bd8d3a067a1d78-80
1104,58771b7ce13aac743954b751a5a3b74f4a32541f,576a655161b5502dcf40602be1f3519a89b71658,2e+16,41a322b28d0ff354040e2cbc676f0320d8c8850d,0xe28683e12663b8c87dde9505bb76d55f93635e6096265c9dcfcb3b7023d13810-40
1427,a4ad045d62a493f0ed883b413866448afb13087c,981276d81272f7cd8808701645741db1abacad56,5e+17,41a322b28d0ff354040e2cbc676f0320d8c8850d,0x89fac26ce77003ec44f422cc46650bbdc1ad9b65722a572aa77fb95cd0cfd677-88
1384,865c2f85c9fea1c6ac7f53de07554d68cb92ed88,10017ca37b1257ac0771e24652aa28c758e378eb,2e+17,41a322b28d0ff354040e2cbc676f0320d8c8850d,0xc6ec545ae047e565283d0fd796b62c3c4a5fd20ba6b63b83ef35d441f8c5e96d-58
1319,7f67e80272d6349a70acd0a6d0dc169292431020,10017ca37b1257ac0771e24652aa28c758e378eb,8e+17,41a322b28d0ff354040e2cbc676f0320d8c8850d,0x0e1011783947b7996c90a0f52e8609301762143f6164ac768d9a659a1b0749d5-140
1302,7f67e80272d6349a70acd0a6d0dc169292431020,10017ca37b1257ac0771e24652aa28c758e378eb,2.1e+17,41a322b28d0ff354040e2cbc676f0320d8c8850d,0x588fafd222d3b327fbb032ddbe656d7aae999fa413581d82f55afa17ee0a3547-59
1320,7f67e80272d6349a70acd0a6d0dc169292431020,10017ca37b1257ac0771e24652aa28c758e378eb,5e+17,41a322b28d0ff354040e2cbc676f0320d8c8850d,0xaa90116ac4a550a95828ed75a4d873c2e2c6846aa8b0bcd3f3c33df521898c63-52
1375,21316e6a4f0af45e5f1503984e83b10c53b177d8,10017ca37b1257ac0771e24652aa28c758e378eb,2.3e+18,41a322b28d0ff354040e2cbc676f0320d8c8850d,0x57d2bc1cdd3065b7127a78ecd188163b803aada86ae3224ca1408b01605f4805-105
1390,60d38778adbbeeac88f741b833cbb9877228eea0,10017ca37b1257ac0771e24652aa28c758e378eb,2.5e+17,41a322b28d0ff354040e2cbc676f0320d8c8850d,0x0b950b340e5e271ebdd300bbf4bd08e619f18c61d286a1d853ff77c1516184fe-104
1459,01cb023186cab05220554ee75b4d69921dd051f1,10017ca37b1257ac0771e24652aa28c758e378eb,2e+17,41a322b28d0ff354040e2cbc676f0320d8c8850d,0xe5cd7c26546f14c970b6b63dbf194ad9e0c6909e5712dc4093ee74f0966d7135-51
1463,01cb023186cab05220554ee75b4d69921dd051f1,10017ca37b1257ac0771e24652aa28c758e378eb,1.4e+17,41a322b28d0ff354040e2cbc676f0320d8c8850d,0x159b74e5dc84554fce47f3be8bbe647a828c21d329c13fe088dd1f7bcf650d45-70
1370,01cb023186cab05220554ee75b4d69921dd051f1,10017ca37b1257ac0771e24652aa28c758e378eb,1e+17,41a322b28d0ff354040e2cbc676f0320d8c8850d,0x64f9aec31b57709f422bf730384e1360ec8e7adaef4f9ac74da416c02cf89344-29
1398,ce82ceaf7f9df2ddb36ad01a8d1783f26b41f73b,10017ca37b1257ac0771e24652aa28c758e378eb,4e+17,41a322b28d0ff354040e2cbc676f0320d8c8850d,0xb1650418210c6f466bf0cde3fcb74f72f420137eacb71d55e079aa5de1ba9cb3-69
1326,7f67e80272d6349a70acd0a6d0dc169292431020,10017ca37b1257ac0771e24652aa28c758e378eb,3e+17,41a322b28d0ff354040e2cbc676f0320d8c8850d,0xfd856350f8f863bcb902965ae0eb0825619526c6bef68cc9c740f8862254bb8b-50
1132,d0c877b474cd51959931a7f70d7a6c60f50cdae7,10017ca37b1257ac0771e24652aa28c758e378eb,3e+17,41a322b28d0ff354040e2cbc676f0320d8c8850d,0xc62d2bd0c6d61099d80d04665a1845a6c81604fe53f82f5a6ee5f2f411662fa3-98
1411,865c2f85c9fea1c6ac7f53de07554d68cb92ed88,10017ca37b1257ac0771e24652aa28c758e378eb,5e+17,41a322b28d0ff354040e2cbc676f0320d8c8850d,0x05275a0857da8dc2bc4dc9d83e6b9ca7c85d52f4b34c863de24c21662b7abc53-45
1250,77350e1152efd5f2d807a6124015c629a907155e,10017ca37b1257ac0771e24652aa28c758e378eb,5e+17,41a322b28d0ff354040e2cbc676f0320d8c8850d,0x056017088dd148ec79c0ed3cee8f5b520aaeaeb193e1adeafde0e16ff7080fd7-30
1481,5b0d92e138422428d8e5afab8ee8f99ba9a4e613,10017ca37b1257ac0771e24652aa28c758e378eb,8.5e+17,41a322b28d0ff354040e2cbc676f0320d8c8850d,0x15a6d62a2baf6362c082143bf7b54132e953a337253328c1b46a87f2a2456850-64
1420,da5e56e6a41230ed87f39b7c65ede7a8373de403,10017ca37b1257ac0771e24652aa28c758e378eb,1.5e+18,41a322b28d0ff354040e2cbc676f0320d8c8850d,0xd8d96662a91835b85e8fdb156a280339ca719984206f18b2390919a539c1c4af-38
1483,21316e6a4f0af45e5f1503984e83b10c53b177d8,10017ca37b1257ac0771e24652aa28c758e378eb,3.2e+18,41a322b28d0ff354040e2cbc676f0320d8c8850d,0x81c13c8ac29a848ee42d348071f1c2d03657847e5f01acebf47a63d5b23e62c4-25
1488,d7e1bc51cd3f30e21b17bab33d77078e3fb7cc26,10017ca37b1257ac0771e24652aa28c758e378eb,3e+17,41a322b28d0ff354040e2cbc676f0320d8c8850d,0xbc53634b950d59180e20d5488875673762a0f1492bb71276604824c68cdfca8a-56
1490,a4ad045d62a493f0ed883b413866448afb13087c,10017ca37b1257ac0771e24652aa28c758e378eb,7.5e+17,41a322b28d0ff354040e2cbc676f0320d8c8850d,0x10af5b41032180201bd89fc5d85f2b191867a031e2264fb9503242c8fe8beff1-30
1298,25981260dd48274abb39d48ed3cd96384522c217,10017ca37b1257ac0771e24652aa28c758e378eb,5e+17,41a322b28d0ff354040e2cbc676f0320d8c8850d,0xc431ad5da24b884cdfc4a7aa8b92dc77132dcc7b0ff7ce440c78e2eadc18ca6c-87
1499,576a655161b5502dcf40602be1f3519a89b71658,10017ca37b1257ac0771e24652aa28c758e378eb,5e+17,41a322b28d0ff354040e2cbc676f0320d8c8850d,0x58a113a6b5daf030a8e23c56f3dc0ccdc69889b273f1aa0cdabb1a8c2e4c2b2b-84
1474,674a378f73bef19dd70643fb3e4ab47d69a9b475,10017ca37b1257ac0771e24652aa28c758e378eb,3e+17,41a322b28d0ff354040e2cbc676f0320d8c8850d,0xe7f729c89a8424d925dcdd6f6a2e2e4645463229051914cc0251ea89e63a45be-70
1436,b0bba976737b16aa75e6eb9ad331d5effeca3c8f,215fedd5780c39fbdadb4bc3700de61a8ffdd74a,1e+18,41a322b28d0ff354040e2cbc676f0320d8c8850d,0x4de3365e88b00bc95af07127f5719cd02d05de755f0823b3b8dbde02f539b03b-18
1426,b0bba976737b16aa75e6eb9ad331d5effeca3c8f,215fedd5780c39fbdadb4bc3700de61a8ffdd74a,1e+18,41a322b28d0ff354040e2cbc676f0320d8c8850d,0x60f55406ae58cb63eb57d2ecde4aa826dc347c2334e4bcbcce5b2570295acc6d-14
1408,b3007ff3c3f40bdf0126fec7c8e43c3fc50ea813,10017ca37b1257ac0771e24652aa28c758e378eb,5e+17,41a322b28d0ff354040e2cbc676f0320d8c8850d,0x365beb604c758b5bb5c2cdd96c3fb3894088c98388a4b50c0aa596aeb639b144-92
1543,b308082a84f0cedabde8f8c019dc28c2140c9822,b3007ff3c3f40bdf0126fec7c8e43c3fc50ea813,5e+16,41a322b28d0ff354040e2cbc676f0320d8c8850d,0x7f98e0068c9e70697aad4fb0b13a96acd9e1b4e7c12f26f5db583ec071ecb5e3-171
1541,b308082a84f0cedabde8f8c019dc28c2140c9822,830e3a6766c753e041aa5b78e94213972a99d400,5e+16,41a322b28d0ff354040e2cbc676f0320d8c8850d,0x7f98e0068c9e70697aad4fb0b13a96acd9e1b4e7c12f26f5db583ec071ecb5e3-168
1572,9b7c03efcc5638951d07647a583b5e390ebf8824,b50256eab69686cd95c41c903eb45e9a614f52ee,2e+18,41a322b28d0ff354040e2cbc676f0320d8c8850d,0x1bc907e4192d374e23a31b579e21e9cce9dfa83a063741f5714dd60550e6ad8b-45
1371,01cb023186cab05220554ee75b4d69921dd051f1,10017ca37b1257ac0771e24652aa28c758e378eb,2e+17,41a322b28d0ff354040e2cbc676f0320d8c8850d,0xba5d26dd452fed816375d3466bc2fb768849a5c65d546581fdf2a18bbf460d2f-59
1558,01cb023186cab05220554ee75b4d69921dd051f1,10017ca37b1257ac0771e24652aa28c758e378eb,3e+17,41a322b28d0ff354040e2cbc676f0320d8c8850d,0x7800bce7a81e3981890cbbd8242d41f2a3cb4a9eafd1c53b710a09183f21b275-144
1269,01cb023186cab05220554ee75b4d69921dd051f1,10017ca37b1257ac0771e24652aa28c758e378eb,5e+17,41a322b28d0ff354040e2cbc676f0320d8c8850d,0xf9bcc9c6aa4c73e5829ea9d47de29821f51b3bb6a946983207edd13a10602a6b-87
1322,01cb023186cab05220554ee75b4d69921dd051f1,10017ca37b1257ac0771e24652aa28c758e378eb,5e+17,41a322b28d0ff354040e2cbc676f0320d8c8850d,0xeed6a4cd504e1faafdcf2c560b7132c8f0a860e2b2bf8dec4025ba2ef3b02f45-96
1414,21316e6a4f0af45e5f1503984e83b10c53b177d8,10017ca37b1257ac0771e24652aa28c758e378eb,5e+18,41a322b28d0ff354040e2cbc676f0320d8c8850d,0x38053c0f4e6e5f2e84c90cf1bc553800939605189deb8cca9be3f220a07309c5-31
1476,b0bba976737b16aa75e6eb9ad331d5effeca3c8f,10017ca37b1257ac0771e24652aa28c758e378eb,5e+17,41a322b28d0ff354040e2cbc676f0320d8c8850d,0x98ae0c705240daada444cbd0ed595f4327186f6f5a3e9d836acf12b1be95d1b2-77
1611,7f67e80272d6349a70acd0a6d0dc169292431020,e5213d0a7ededd98d06524888b6cbc8624cf7be2,4e+17,41a322b28d0ff354040e2cbc676f0320d8c8850d,0x9da1f77f04b81acd4e1fe2e9460a687490e41ea63e25eb315d130042bd92cc47-49
1618,01cb023186cab05220554ee75b4d69921dd051f1,10017ca37b1257ac0771e24652aa28c758e378eb,5e+17,41a322b28d0ff354040e2cbc676f0320d8c8850d,0x52be39a87466548aa4f14e65e214f062675b30d801f01d55ee6180636fb0dad9-77
1460,7672b17d5eebb7194d57066f86fbcb4e85a7e10e,7992951848ec94911d9c413a9fc53959dab8bc68,7.5e+16,41a322b28d0ff354040e2cbc676f0320d8c8850d,0xaa620cca20ca16d019027713ef647fa241e102a280920542da507f20647ba695-88
1440,7672b17d5eebb7194d57066f86fbcb4e85a7e10e,7992951848ec94911d9c413a9fc53959dab8bc68,7.5e+16,41a322b28d0ff354040e2cbc676f0320d8c8850d,0xa483f8ef2d337c4050b3e09a747b1da5832ef7ec0edc8d955e67550553acb4b7-63
1608,66f174184b24b3dafa63c4c716c4fb9d251d598e,eeeeec16d9471a5fae3b02a5cde6461fd2d4908a,2e+18,41a322b28d0ff354040e2cbc676f0320d8c8850d,0x31cad63315661497f623b5fcb2ccfd5c2c35508689548e5f895a1d2e9d78dd27-3
1484,7672b17d5eebb7194d57066f86fbcb4e85a7e10e,e5213d0a7ededd98d06524888b6cbc8624cf7be2,2.5e+17,41a322b28d0ff354040e2cbc676f0320d8c8850d,0xf12fa112622def6e1ef6361d22d0e33e16fe99d3a6099d0e1e8a8a66824a02fb-27
1285,7f67e80272d6349a70acd0a6d0dc169292431020,baba92b7822a56c05554ab5d1bc1d0b7e212499d,2e+17,41a322b28d0ff354040e2cbc676f0320d8c8850d,0x69e6cf6a60c0e19f0091795129abbf4f14de3c074f34969ddccad04590b56339-62
1078,01cb023186cab05220554ee75b4d69921dd051f1,fe325b95eff8c7b86b7085fc2f446a2ade5b6b6d,5e+16,41a322b28d0ff354040e2cbc676f0320d8c8850d,0xaac78b3352caa19015c2dce1627bae18ac4eb44345ec5212cb7d2bc7a09444f1-95
1581,b308082a84f0cedabde8f8c019dc28c2140c9822,fe325b95eff8c7b86b7085fc2f446a2ade5b6b6d,3e+16,41a322b28d0ff354040e2cbc676f0320d8c8850d,0xa83f273a7a17d4372abcb1565f719c872e3c2703e79cf65ab5ca4e0b21200123-127
1491,d7e1bc51cd3f30e21b17bab33d77078e3fb7cc26,10017ca37b1257ac0771e24652aa28c758e378eb,3e+17,41a322b28d0ff354040e2cbc676f0320d8c8850d,0x496edce0951353a6125324d30af5fcb6f24f15b341f11c63b2d762a609714c5e-84
1197,01cb023186cab05220554ee75b4d69921dd051f1,fe325b95eff8c7b86b7085fc2f446a2ade5b6b6d,5e+16,41a322b28d0ff354040e2cbc676f0320d8c8850d,0x85c5dd5f60bb83b4022806ad68de5ab4e4e9b00959dc5ddcb51d9e8f87c859b0-33
1577,b308082a84f0cedabde8f8c019dc28c2140c9822,fe325b95eff8c7b86b7085fc2f446a2ade5b6b6d,1e+15,41a322b28d0ff354040e2cbc676f0320d8c8850d,0x90f5bf54dd49b3e635cc584e3b557bc7a91e1d6c32c480ff675e980bae21591a-48
1576,b308082a84f0cedabde8f8c019dc28c2140c9822,fe325b95eff8c7b86b7085fc2f446a2ade5b6b6d,1e+15,41a322b28d0ff354040e2cbc676f0320d8c8850d,0xf6934d6db2aa8a39464d463f7bd33901c7405bcbd412836a559ec9ddc89387f7-75
1578,b308082a84f0cedabde8f8c019dc28c2140c9822,a4ad045d62a493f0ed883b413866448afb13087c,3e+16,41a322b28d0ff354040e2cbc676f0320d8c8850d,0xccb954a55fb73948e98fd296a0167ac003172c4697f35bfb410dda76aae7815e-84
1669,01cb023186cab05220554ee75b4d69921dd051f1,5ac843eecbf67669d4003aa49ae5e0136dc73365,8e+17,41a322b28d0ff354040e2cbc676f0320d8c8850d,0xb48de7c90aadd488e406e5e178e5f19b9e50bccdd53603c1e764aa0450c9b526-418
1600,7672b17d5eebb7194d57066f86fbcb4e85a7e10e,e25c73435702fed11e9c5584ce6efe7cbff71739,4e+17,41a322b28d0ff354040e2cbc676f0320d8c8850d,0x2ff5654604602362115d9e98203be3b10babfbe2a203a247ddef84753bdac80b-8
1600,7672b17d5eebb7194d57066f86fbcb4e85a7e10e,e25c73435702fed11e9c5584ce6efe7cbff71739,4e+17,41a322b28d0ff354040e2cbc676f0320d8c8850d,0x3c9d7d1332cc326aa7038824c39fa58b4dd37c2cf40e1ba1429551e16a1a5ec8-29
1362,b3007ff3c3f40bdf0126fec7c8e43c3fc50ea813,e25c73435702fed11e9c5584ce6efe7cbff71739,5e+17,41a322b28d0ff354040e2cbc676f0320d8c8850d,0xaca9c8aff0116248dd48af54f45b71e635f5c4fd3b2cf28374c54bfcc285bf93-112
1155,b3007ff3c3f40bdf0126fec7c8e43c3fc50ea813,e25c73435702fed11e9c5584ce6efe7cbff71739,5e+17,41a322b28d0ff354040e2cbc676f0320d8c8850d,0xd0a313aca85d4a8dcc372259b8390e2ac54efe105947e08abf151d3772d9cb6f-97
780,5b0d92e138422428d8e5afab8ee8f99ba9a4e613,e25c73435702fed11e9c5584ce6efe7cbff71739,6e+17,41a322b28d0ff354040e2cbc676f0320d8c8850d,0x74bca241a5012c2b7ec3c7809790b5c50ba88a09db484088353454c3def82440-36
729,5fae9d4b591f213b3ba75287f2cfac0883d17f7a,e25c73435702fed11e9c5584ce6efe7cbff71739,5e+17,41a322b28d0ff354040e2cbc676f0320d8c8850d,0xec86e02c28250e86645346d0c57dd6cb20b4b5e9376f158d33b07f6fe5c0ebac-55
1108,b3007ff3c3f40bdf0126fec7c8e43c3fc50ea813,10017ca37b1257ac0771e24652aa28c758e378eb,5e+17,41a322b28d0ff354040e2cbc676f0320d8c8850d,0x97edf2af773b63b9397722e0b39af29f664d583a2e0eda011d9a4dde65e710bb-48
799,27d54e5487a6b64ce403f627c1d0843d469f8200,10017ca37b1257ac0771e24652aa28c758e378eb,5e+17,41a322b28d0ff354040e2cbc676f0320d8c8850d,0x2e4cc83fabaed1d2914f799fb12c70273e9ddfcb7483dfacf58bbd2b37d5dd75-48
1704,d7e1bc51cd3f30e21b17bab33d77078e3fb7cc26,10017ca37b1257ac0771e24652aa28c758e378eb,1.5e+17,41a322b28d0ff354040e2cbc676f0320d8c8850d,0xd69abd9e43613a867a5228e8378bdab37fd60f177e0f02475fe96725beaa146a-29
1622,7672b17d5eebb7194d57066f86fbcb4e85a7e10e,fe325b95eff8c7b86b7085fc2f446a2ade5b6b6d,5e+16,41a322b28d0ff354040e2cbc676f0320d8c8850d,0x3d4e006cd69f548ac4823e7d2a105e171dde2fb2fb95af2ef30e057e554cc59a-109
1574,b308082a84f0cedabde8f8c019dc28c2140c9822,fe325b95eff8c7b86b7085fc2f446a2ade5b6b6d,1e+15,41a322b28d0ff354040e2cbc676f0320d8c8850d,0x2841d7d0a5c538ff542f366f4d2b1892d36e77c53a6b73cd4a41b558e2653029-141
1575,b308082a84f0cedabde8f8c019dc28c2140c9822,fe325b95eff8c7b86b7085fc2f446a2ade5b6b6d,1e+15,41a322b28d0ff354040e2cbc676f0320d8c8850d,0x84a121b748c088fe9d92a9001fb0bdbe7967e8975f03a8edbead9a5cd9ebaf63-110
1721,36bd6221c2016371c3af00071726578b91acb007,10017ca37b1257ac0771e24652aa28c758e378eb,5.5e+17,41a322b28d0ff354040e2cbc676f0320d8c8850d,0x68d2dc5b24451146aa1a1b82e080f6603d7190ce7ed0cb3ee30849d5c64b8277-24
1399,ce82ceaf7f9df2ddb36ad01a8d1783f26b41f73b,10017ca37b1257ac0771e24652aa28c758e378eb,3e+17,41a322b28d0ff354040e2cbc676f0320d8c8850d,0xb2a7bd6c4dd405cf1145fa4b7bbba07aaeae65f62c705c0de8d9dca42fbee55d-33
1735,d7e1bc51cd3f30e21b17bab33d77078e3fb7cc26,10017ca37b1257ac0771e24652aa28c758e378eb,2.5e+17,41a322b28d0ff354040e2cbc676f0320d8c8850d,0x4b43812d1651d967ba5a78ec91190eadab038f1bbf3c7a3dd47615937919ed0e-114
1566,7672b17d5eebb7194d57066f86fbcb4e85a7e10e,d04c453461a77b342fea9d1fec55861399401122,5e+16,41a322b28d0ff354040e2cbc676f0320d8c8850d,0xf1f03a27a0412339d79c18bcb6f88502bf919a03d9c8ab3cbf4afdb42d24a622-58
577,77350e1152efd5f2d807a6124015c629a907155e,b3007ff3c3f40bdf0126fec7c8e43c3fc50ea813,1.5e+17,41a322b28d0ff354040e2cbc676f0320d8c8850d,0x476abef0f7a713aa62a09dbb06f046952efa59c556bbcdf3dff266a7dd59ce25-169
1460,7992951848ec94911d9c413a9fc53959dab8bc68,b3007ff3c3f40bdf0126fec7c8e43c3fc50ea813,8e+16,41a322b28d0ff354040e2cbc676f0320d8c8850d,0x714a9b3e4e1e4301cf1a1b6a7436047dc689711b45b379d37d99c53467d9b8c2-70
1752,5b0d92e138422428d8e5afab8ee8f99ba9a4e613,10017ca37b1257ac0771e24652aa28c758e378eb,5.8e+17,41a322b28d0ff354040e2cbc676f0320d8c8850d,0x286df3f71c1bbab482dafc955a03a22dee922a237115773b707a9bebed975d81-110
1599,7672b17d5eebb7194d57066f86fbcb4e85a7e10e,e64b9a2ccd29c4b815442adb6fec216eb8426c10,2e+17,41a322b28d0ff354040e2cbc676f0320d8c8850d,0x063973b98b6785034a94023dc92f638af75ed82da7b98998ddf7de5f82f01fa1-156
1670,7672b17d5eebb7194d57066f86fbcb4e85a7e10e,b3007ff3c3f40bdf0126fec7c8e43c3fc50ea813,1.5e+17,41a322b28d0ff354040e2cbc676f0320d8c8850d,0xc05596f815b8f792abcab33a261e38d3860da2f0d75c38f671e96d1e342c2867-91
1692,a4ad045d62a493f0ed883b413866448afb13087c,e25c73435702fed11e9c5584ce6efe7cbff71739,5e+17,41a322b28d0ff354040e2cbc676f0320d8c8850d,0x55f9d43d067ab9fd0b9c24897ccb1e36e29be59084b6bc6636f7b246614df465-41
1719,ced2662fe30d876bef52f219eeac67e2b328effc,e25c73435702fed11e9c5584ce6efe7cbff71739,5.4321e+17,41a322b28d0ff354040e2cbc676f0320d8c8850d,0x0c16dbb4325d34df96091f7753d466e741c49699b65b442f285036403a90c569-40
1765,981276d81272f7cd8808701645741db1abacad56,10017ca37b1257ac0771e24652aa28c758e378eb,5e+17,41a322b28d0ff354040e2cbc676f0320d8c8850d,0x6c9edc6e6f68bafc27d7e52c643c03a7519a7d599bd7fba13e910c7b65e5f11b-96
1295,ab3627317c43d394eb171170f818153b976d28a3,10017ca37b1257ac0771e24652aa28c758e378eb,1e+17,41a322b28d0ff354040e2cbc676f0320d8c8850d,0x0f96491c6d9b909b40774d07c8124aca4107f0c7d3ee0cc0009727c592b0758c-84
1562,5b0d92e138422428d8e5afab8ee8f99ba9a4e613,01a35017c1475e9c4daa88771ee5bc9ee427c28f,7.8e+17,41a322b28d0ff354040e2cbc676f0320d8c8850d,0xc4e07e006f29a5485951447d3fd51852d8b543b1227e0c16584c2b7943eaf3b7-57
1717,576a655161b5502dcf40602be1f3519a89b71658,dc19d539369c3da9172de453c05bc503c9ac6bc2,5.4321e+17,41a322b28d0ff354040e2cbc676f0320d8c8850d,0xa3c8b014ffa5916b3880596397900d7e52e120747516321847dc179adbc39d52-92
1799,b3007ff3c3f40bdf0126fec7c8e43c3fc50ea813,576a655161b5502dcf40602be1f3519a89b71658,5e+17,41a322b28d0ff354040e2cbc676f0320d8c8850d,0xe122161cd924d3b48668ac0161c4fe010e5ffd846a4981a89f5658ca60d8ad09-114
1397,ce82ceaf7f9df2ddb36ad01a8d1783f26b41f73b,337101def3eeb6f06e071efe02216274507937bb,5e+17,41a322b28d0ff354040e2cbc676f0320d8c8850d,0xf48678e90f5c9a0bda30bc156d0a30d2e2b0ad599027ae9b1be06160095ccc74-49
1743,2f6c9365f7b6e74fa301425bbc766e549d4f5108,b3007ff3c3f40bdf0126fec7c8e43c3fc50ea813,2e+17,41a322b28d0ff354040e2cbc676f0320d8c8850d,0xdcea743c6350ddf3953cd5f0c52333c8b554334bac5e2e7899633a8736da11ba-28
1831,576a655161b5502dcf40602be1f3519a89b71658,b3007ff3c3f40bdf0126fec7c8e43c3fc50ea813,5e+17,41a322b28d0ff354040e2cbc676f0320d8c8850d,0xb734f0140b35be258e07f9eba9e49c9f342a2989c0f3bf58232999bd81222171-50
723,36bd6221c2016371c3af00071726578b91acb007,dc19d539369c3da9172de453c05bc503c9ac6bc2,2.2e+17,41a322b28d0ff354040e2cbc676f0320d8c8850d,0x48935150efe2a9fdc458501bfac9b8f30739a7e93a73150fb0cb6e901ba60ff6-55
1522,7d42611012fdbe366bf4a0481fc0e1abf15e245a,076e89fe9e24c191ebee53cceec5356600c8d059,2e+17,41a322b28d0ff354040e2cbc676f0320d8c8850d,0x0f2b80e95cb08945ed2aeb821f66959a3a57d44cf3b62105b8f6ae3eddd77aa6-14
623,77350e1152efd5f2d807a6124015c629a907155e,dc19d539369c3da9172de453c05bc503c9ac6bc2,3e+17,41a322b28d0ff354040e2cbc676f0320d8c8850d,0x6d6e49b193b9775fb8c117e109a374026aed4deab6265202c794f4c4c2dfc731-28
1865,89f2420190d752a29671dad303446cdbe8c2193a,10017ca37b1257ac0771e24652aa28c758e378eb,3e+17,41a322b28d0ff354040e2cbc676f0320d8c8850d,0xf84c1978c1c126a0a6c4f1ab3dd484aef5fc1ae7f896baa6b2c355ebdc9eb5f4-65
1805,4af4aebe930e938fa11ad28cd2c88645cce739a1,10017ca37b1257ac0771e24652aa28c758e378eb,3.5e+17,41a322b28d0ff354040e2cbc676f0320d8c8850d,0x5b54fc07bf372aaf5728816f1b05629770a85ab887bbf130dea7817bc671bd8f-80
1885,981276d81272f7cd8808701645741db1abacad56,335e19b3f5dcfa2e398ee7d5ff430a1f8ccc88b2,5e+17,41a322b28d0ff354040e2cbc676f0320d8c8850d,0xa0b7fd280a39c4ed9aa11a7d6f13a9a632c938d991d38f5bc9872adfaddd8cc8-85
809,da5e56e6a41230ed87f39b7c65ede7a8373de403,dc19d539369c3da9172de453c05bc503c9ac6bc2,3.3e+17,41a322b28d0ff354040e2cbc676f0320d8c8850d,0xd72cb36ea96a2217fad15f98997c1e3e04a8cb676b757df0d0c78a0ddecda3c7-156
1716,5b0d92e138422428d8e5afab8ee8f99ba9a4e613,dc19d539369c3da9172de453c05bc503c9ac6bc2,5.8e+17,41a322b28d0ff354040e2cbc676f0320d8c8850d,0xbcc4d55b5d63740c5147f7d2f0bac8af13d1fec8389d1cc7338013cd00e7316b-17
832,9a3e204bd2f012122b228fa68bf97539da965d3b,dc19d539369c3da9172de453c05bc503c9ac6bc2,6.5e+17,41a322b28d0ff354040e2cbc676f0320d8c8850d,0x05e1c50f08498cfede0e0c9f08c0cbecc352423303d9cf9b37975e3cc5e594c6-101
134,3d9456ad6463a77bd77123cb4836e463030bfab4,dc19d539369c3da9172de453c05bc503c9ac6bc2,5e+17,41a322b28d0ff354040e2cbc676f0320d8c8850d,0xcdaca7daca63642e1962c1914dc05cc8dd7f78286bd4d78c959d78fe6b6f0856-68
1892,89f2420190d752a29671dad303446cdbe8c2193a,dc19d539369c3da9172de453c05bc503c9ac6bc2,4e+17,41a322b28d0ff354040e2cbc676f0320d8c8850d,0x17ac720bcd2cced0050c9f79a75aab87e1af928d34dc22c21f825b47c1fc11a4-68
1903,f8b32d30ac6ab3030595432533d7836fd76b078d,10017ca37b1257ac0771e24652aa28c758e378eb,2.5e+18,41a322b28d0ff354040e2cbc676f0320d8c8850d,0xc2c94d459608b3faf49ac993b6789f33033071c30ae5948e26fb336de8493703-38
1907,d7e1bc51cd3f30e21b17bab33d77078e3fb7cc26,10017ca37b1257ac0771e24652aa28c758e378eb,2.5e+17,41a322b28d0ff354040e2cbc676f0320d8c8850d,0x96674862260a31717531e3357425c6d086bf7a6a49329a53ceb354c74e449957-26
1621,e13d4abee4b304b67c52a56871141cad1b833aa7,576a655161b5502dcf40602be1f3519a89b71658,5e+17,41a322b28d0ff354040e2cbc676f0320d8c8850d,0x79957e9b9c31cabb71147f0100f099d45ceeaefa3daff9dfeda41e5d1b539e4f-41
1887,958973a140f1e3ae91343e4aabf0de6ec50763b6,337101def3eeb6f06e071efe02216274507937bb,2e+17,41a322b28d0ff354040e2cbc676f0320d8c8850d,0x78f3dbb308682b0bcb539bebd408f707a704f54f6db1e900cbf7a435da6ae149-85
1929,66f174184b24b3dafa63c4c716c4fb9d251d598e,dc19d539369c3da9172de453c05bc503c9ac6bc2,5e+17,41a322b28d0ff354040e2cbc676f0320d8c8850d,0x06d13b89d241e44b3ed1de44b80f8783b8be900127762169ef907548fab91333-59
1933,66f174184b24b3dafa63c4c716c4fb9d251d598e,dc19d539369c3da9172de453c05bc503c9ac6bc2,5e+17,41a322b28d0ff354040e2cbc676f0320d8c8850d,0x1fbc79b4de48987331bd8ac8ba6fdb2f26f8f8fa0557ef971bb8d7936fb03264-35
1360,ab3627317c43d394eb171170f818153b976d28a3,a4ad045d62a493f0ed883b413866448afb13087c,1e+17,41a322b28d0ff354040e2cbc676f0320d8c8850d,0x73e9a502731970fa958d215ced7e82ae300bb5538c7a8ce144e0f9ce9124e809-81
1664,d7e1bc51cd3f30e21b17bab33d77078e3fb7cc26,922e09cbb00ca5cacb1d09b38280f09b1e3cab4d,2e+17,41a322b28d0ff354040e2cbc676f0320d8c8850d,0x240a4c44b4b7e622edb73fd9e682b3efb1e0909514e3e7da06d0b5fefa977330-102
1943,66f174184b24b3dafa63c4c716c4fb9d251d598e,ec8c1050b45789f9ee4d09dcc7d64aaf9e233338,5e+17,41a322b28d0ff354040e2cbc676f0320d8c8850d,0x1363e14adcb8d5b4bbac2e1dee8284a248f2e972e782be152b81e1e28aad843e-64
1834,a4ad045d62a493f0ed883b413866448afb13087c,ec8c1050b45789f9ee4d09dcc7d64aaf9e233338,6e+17,41a322b28d0ff354040e2cbc676f0320d8c8850d,0x2670f3910c7e576fe6f95854da084693c51831a915e9a51bd4a959ccc1312f7b-13
1931,b3007ff3c3f40bdf0126fec7c8e43c3fc50ea813,ec8c1050b45789f9ee4d09dcc7d64aaf9e233338,4e+17,41a322b28d0ff354040e2cbc676f0320d8c8850d,0x24a1ba240de181096931307c5c06b4681424d334e759e45226d9ab260f361c8b-42
98,47709726b5bdc4c8c97de43691d93821d5b14103,b3007ff3c3f40bdf0126fec7c8e43c3fc50ea813,2.5e+17,41a322b28d0ff354040e2cbc676f0320d8c8850d,0x908bd1ac887d557142e89a7fe09b3747510c8e87ec34b5cf7e653cce197fcdce-43
1364,f2939a3fda65f0c4803b76125356b9778df2f6df,dc19d539369c3da9172de453c05bc503c9ac6bc2,2e+17,41a322b28d0ff354040e2cbc676f0320d8c8850d,0x5fc36953a401f3a1fabdbd9726baa39e5e8d07b08fe0e4c62e7cbc8c8d76ce84-69
1947,7672b17d5eebb7194d57066f86fbcb4e85a7e10e,dc19d539369c3da9172de453c05bc503c9ac6bc2,1e+17,41a322b28d0ff354040e2cbc676f0320d8c8850d,0xe5b81d765f389f1377d4205238df7fe01ef186e7d14bc28adf100597378aa09b-113
1869,da5e56e6a41230ed87f39b7c65ede7a8373de403,dc19d539369c3da9172de453c05bc503c9ac6bc2,1e+18,41a322b28d0ff354040e2cbc676f0320d8c8850d,0x83fdaa5710545f77283f4d26ab1998908177bb45c94787bfbf05768680adfb64-119
1579,b308082a84f0cedabde8f8c019dc28c2140c9822,135cc6b6d16593b032bfd8a9a027b2a6d04176f7,3e+16,41a322b28d0ff354040e2cbc676f0320d8c8850d,0x26849463b0d9d4afd4f3c66c254b58db99abb8e07504b8bb63288ac9794de5b7-48
2101,576a655161b5502dcf40602be1f3519a89b71658,dc19d539369c3da9172de453c05bc503c9ac6bc2,2e+18,41a322b28d0ff354040e2cbc676f0320d8c8850d,0xd7ce921592b20659c0d549d3f91ff7307249539a9f5c4aa75a99dde3db355841-109
1806,7672b17d5eebb7194d57066f86fbcb4e85a7e10e,576a655161b5502dcf40602be1f3519a89b71658,5e+15,41a322b28d0ff354040e2cbc676f0320d8c8850d,0x901cd27331f5a0f664442b44891e91148ded1d0381e4355256df345b31cc3c86-102
1366,ae04070d8d10b235a87341a5943ce9d9c94232b6,576a655161b5502dcf40602be1f3519a89b71658,1.01010101e+17,41a322b28d0ff354040e2cbc676f0320d8c8850d,0xd38ab08678b465ea9d3e40bbd233a2f29c18f704528e5ed3f41755b0fd2a92af-83
2017,d7e1bc51cd3f30e21b17bab33d77078e3fb7cc26,b2f4b16595e02a9721f97e3e30fb5bbbf73f5f54,2.5e+17,41a322b28d0ff354040e2cbc676f0320d8c8850d,0x61a415062484ab4ecc470a75f3e873c0e8ec2a872e5f4a4500dddeef98ff5f81-9
183,82aa7f697b9bc19f286d286d130405c0850a2e7b,b2f4b16595e02a9721f97e3e30fb5bbbf73f5f54,1e+17,41a322b28d0ff354040e2cbc676f0320d8c8850d,0x4b0d11ab22f1237b43a54a3e91621ed28490a5f15ca0e834f1d71d7650870869-24
2027,a4ad045d62a493f0ed883b413866448afb13087c,b2f4b16595e02a9721f97e3e30fb5bbbf73f5f54,6e+17,41a322b28d0ff354040e2cbc676f0320d8c8850d,0x47ab9b7c50fffc0b439ab86e143cadf4f6d004543a18a5f074e58c71b54e6f38-37
1605,01cb023186cab05220554ee75b4d69921dd051f1,e13d4abee4b304b67c52a56871141cad1b833aa7,5e+16,41a322b28d0ff354040e2cbc676f0320d8c8850d,0xeb048d381b53f69e4cf627d30365a12597d79fdc75473f7310cd4e88411195ce-59
2091,d7e1bc51cd3f30e21b17bab33d77078e3fb7cc26,10017ca37b1257ac0771e24652aa28c758e378eb,2.5e+17,41a322b28d0ff354040e2cbc676f0320d8c8850d,0x52cadde81847c01450ff38ec160afcbeee8ff65e64638c640012ec200928a452-26
2162,d7e1bc51cd3f30e21b17bab33d77078e3fb7cc26,10017ca37b1257ac0771e24652aa28c758e378eb,2.5e+17,41a322b28d0ff354040e2cbc676f0320d8c8850d,0x63a82e3a3766dbf1f3e65fc011821544e31a407ec979a4e184c7a07d8505e856-65
1935,5b0d92e138422428d8e5afab8ee8f99ba9a4e613,10017ca37b1257ac0771e24652aa28c758e378eb,7.8e+17,41a322b28d0ff354040e2cbc676f0320d8c8850d,0x71f12f64562ac9a4a4e3ab5f1420d29b7608e37c192049a6a9f25e01c43f0d77-62
702,337101def3eeb6f06e071efe02216274507937bb,10017ca37b1257ac0771e24652aa28c758e378eb,2e+17,41a322b28d0ff354040e2cbc676f0320d8c8850d,0x16729e979d2b502bd7422a3ba615efd44cde5b19b89bffd2066b612cdcfa8c7c-231
702,337101def3eeb6f06e071efe02216274507937bb,10017ca37b1257ac0771e24652aa28c758e378eb,2e+17,41a322b28d0ff354040e2cbc676f0320d8c8850d,0x17e88c89f04ac2e9aa7b40da0060ff65ffa0b783f6fe1e99f4617221bf9a206b-232
2077,01cb023186cab05220554ee75b4d69921dd051f1,10017ca37b1257ac0771e24652aa28c758e378eb,6.66e+16,41a322b28d0ff354040e2cbc676f0320d8c8850d,0x3f5ea10b986b548e23a8ef57fe9a2fa370a2698e21f322a2d988371f8e15d640-61
1514,7672b17d5eebb7194d57066f86fbcb4e85a7e10e,10017ca37b1257ac0771e24652aa28c758e378eb,2e+17,41a322b28d0ff354040e2cbc676f0320d8c8850d,0xca4ebf3705467954ec72bd544159cbac5aa698a133ef36dd5f4ccdf41eada6af-158
2019,01cb023186cab05220554ee75b4d69921dd051f1,b2f4b16595e02a9721f97e3e30fb5bbbf73f5f54,5e+16,41a322b28d0ff354040e2cbc676f0320d8c8850d,0x0d414224f57e69b1f3fb9622c780849a463398519d5261dc5c4100e5255578c7-21
2173,9eec0b5bd8a48047f0dcc61e98b4b92951480f98,dc19d539369c3da9172de453c05bc503c9ac6bc2,7.9e+17,41a322b28d0ff354040e2cbc676f0320d8c8850d,0x39788275ec38507426af2202262c11d9ce8755042cad09816411e1eaa91daba1-51
2141,9eec0b5bd8a48047f0dcc61e98b4b92951480f98,10017ca37b1257ac0771e24652aa28c758e378eb,7.9e+17,41a322b28d0ff354040e2cbc676f0320d8c8850d,0xfd4cd9df50bb1040859a5ba6776af525058720cb042497d6d1c5640b54ff80f3-53
1178,7672b17d5eebb7194d57066f86fbcb4e85a7e10e,10017ca37b1257ac0771e24652aa28c758e378eb,2e+17,41a322b28d0ff354040e2cbc676f0320d8c8850d,0xdf3e1b67ebf102bdfc7df35953561bbcc97024337e2dac785a003df3342bb13e-26
2189,d7e1bc51cd3f30e21b17bab33d77078e3fb7cc26,7ea92dbce5387f8ff480fe5d557abd4c7b09054f,3e+17,41a322b28d0ff354040e2cbc676f0320d8c8850d,0x859826451c79b5a264fc8c75090df02fa733e3acb4f5cbda0f159d8a05724960-58
2188,d7e1bc51cd3f30e21b17bab33d77078e3fb7cc26,7ea92dbce5387f8ff480fe5d557abd4c7b09054f,3e+17,41a322b28d0ff354040e2cbc676f0320d8c8850d,0x3cc8a6c7d8c8ca4a39c612ccd16e2dc34659380bdb46c1a81183f328dea00b1f-153
2199,d7e1bc51cd3f30e21b17bab33d77078e3fb7cc26,7ea92dbce5387f8ff480fe5d557abd4c7b09054f,3e+17,41a322b28d0ff354040e2cbc676f0320d8c8850d,0x2719c1d600115da2b450244825c230ef320f0eb5e8e8b6fea6fc5999452271f6-110
1818,7672b17d5eebb7194d57066f86fbcb4e85a7e10e,10017ca37b1257ac0771e24652aa28c758e378eb,1.5e+17,41a322b28d0ff354040e2cbc676f0320d8c8850d,0xc1f81db57b81a7cba22f10ea59cd4e2cdda0ebebacd8bf5bcf17297d3dee56fc-167
1978,d7e1bc51cd3f30e21b17bab33d77078e3fb7cc26,dc19d539369c3da9172de453c05bc503c9ac6bc2,2.5e+17,41a322b28d0ff354040e2cbc676f0320d8c8850d,0xd85e07be72bd47fc6dbae784f29d40010472d3749daa61429081dbb83d57b7cd-109
1967,d7e1bc51cd3f30e21b17bab33d77078e3fb7cc26,dc19d539369c3da9172de453c05bc503c9ac6bc2,2.5e+17,41a322b28d0ff354040e2cbc676f0320d8c8850d,0x6149b15d122773884a28d15e2dae4a7929b5bdf7d33a22e10641245dd3daa452-44
2016,d7e1bc51cd3f30e21b17bab33d77078e3fb7cc26,dc19d539369c3da9172de453c05bc503c9ac6bc2,2.5e+17,41a322b28d0ff354040e2cbc676f0320d8c8850d,0x6149b15d122773884a28d15e2dae4a7929b5bdf7d33a22e10641245dd3daa452-40
1901,d7e1bc51cd3f30e21b17bab33d77078e3fb7cc26,dc19d539369c3da9172de453c05bc503c9ac6bc2,2.5e+17,41a322b28d0ff354040e2cbc676f0320d8c8850d,0x7c8a2849dc7f4ca50944524bb1dac20d7c19f6d3bb432f9c1dbea29ba2eca286-38
1690,d0c877b474cd51959931a7f70d7a6c60f50cdae7,dc19d539369c3da9172de453c05bc503c9ac6bc2,5e+17,41a322b28d0ff354040e2cbc676f0320d8c8850d,0xc00f1a9b145aae122abb9c81507b61e57397216f917796763148503805b634ad-66
2211,d7e1bc51cd3f30e21b17bab33d77078e3fb7cc26,10017ca37b1257ac0771e24652aa28c758e378eb,3e+17,41a322b28d0ff354040e2cbc676f0320d8c8850d,0xf706c9c14f700dd52e9d7ec8b6d481fad50cb36f3cd91172908915d8142dafbc-35
2210,d7e1bc51cd3f30e21b17bab33d77078e3fb7cc26,10017ca37b1257ac0771e24652aa28c758e378eb,3e+17,41a322b28d0ff354040e2cbc676f0320d8c8850d,0x15ff1a0232a696360e13179e83c61d1cdda2ff2171c6a2cf04c18d76a1813401-137
2212,d7e1bc51cd3f30e21b17bab33d77078e3fb7cc26,7ea92dbce5387f8ff480fe5d557abd4c7b09054f,3e+17,41a322b28d0ff354040e2cbc676f0320d8c8850d,0xc989a5b327fd0066e3db4090bc0c48ed3e3044e7975cb2b857089e3ffb75d3e5-56
2090,d7e1bc51cd3f30e21b17bab33d77078e3fb7cc26,7ea92dbce5387f8ff480fe5d557abd4c7b09054f,2.5e+17,41a322b28d0ff354040e2cbc676f0320d8c8850d,0x74ed4256b64f6525a71fdb48fe24cc0b282e4996b7d53996c8a2a3282301e046-101
1924,65593b011d6c1726e02bfa17f1370aa3c5f95bb0,7ea92dbce5387f8ff480fe5d557abd4c7b09054f,5e+17,41a322b28d0ff354040e2cbc676f0320d8c8850d,0xe8fae32d4d096a96303fd35b27097bec33f03a5f0b706a6dfb93a795c037f00e-105
1921,65593b011d6c1726e02bfa17f1370aa3c5f95bb0,7ea92dbce5387f8ff480fe5d557abd4c7b09054f,5e+17,41a322b28d0ff354040e2cbc676f0320d8c8850d,0xce07b376bafa6a47dd225b37ae023d5611ecd8b490efc62a9aa555bd4e063cd9-59
1922,65593b011d6c1726e02bfa17f1370aa3c5f95bb0,7ea92dbce5387f8ff480fe5d557abd4c7b09054f,5e+17,41a322b28d0ff354040e2cbc676f0320d8c8850d,0xbe28d194f997642c3b42eb4aa2f5faaefef780aae50577ad13f747bfcc66acfe-38
2227,9eec0b5bd8a48047f0dcc61e98b4b92951480f98,10017ca37b1257ac0771e24652aa28c758e378eb,7.9e+17,41a322b28d0ff354040e2cbc676f0320d8c8850d,0x11dd319867ea87545d0857318a934dd21c911a05c780cbec4c5b82c2e077be67-20
2231,7672b17d5eebb7194d57066f86fbcb4e85a7e10e,335e19b3f5dcfa2e398ee7d5ff430a1f8ccc88b2,2.5e+17,41a322b28d0ff354040e2cbc676f0320d8c8850d,0x39c55b70bc259af6e91806b6c34fbee20f839f79a50f71dc81b4990a14b22bed-80
2286,ce82ceaf7f9df2ddb36ad01a8d1783f26b41f73b,cd815dd7ebfd7eb46fc2858f040296b654cd6b81,5e+16,41a322b28d0ff354040e2cbc676f0320d8c8850d,0xba62913e6d6d904fb8ad4aca271530ab77783a2029fa628a8d5b78be892ca911-59
1723,36bd6221c2016371c3af00071726578b91acb007,10017ca37b1257ac0771e24652aa28c758e378eb,2.9e+17,41a322b28d0ff354040e2cbc676f0320d8c8850d,0x00b2c132b201db32f5b053de228949346ca9f8a7972de239996cea29f7ad6dae-84
2304,82aa7f697b9bc19f286d286d130405c0850a2e7b,04f487671975db0581afeb5fcccf500672806015,5e+17,41a322b28d0ff354040e2cbc676f0320d8c8850d,0x6bfd6fa0986520d1ae6ac12d8171e9379df87c77e5f34c40dcff1879ed891511-23
2092,66f174184b24b3dafa63c4c716c4fb9d251d598e,6426e7b1a621884bc185a46079abd759a1908051,1.2e+18,41a322b28d0ff354040e2cbc676f0320d8c8850d,0xe4520b4ba8b4848f1f173402e8c8280f29c599b714eb7c7dd0f0f0e8807d8158-114
1448,7f67e80272d6349a70acd0a6d0dc169292431020,10017ca37b1257ac0771e24652aa28c758e378eb,2e+17,41a322b28d0ff354040e2cbc676f0320d8c8850d,0x4fea2d666aee359abcf23ad391510caea1b95f76ce67a6b0ff2ba52a2ed637cf-187
732,6853a596d6d7264d3622546da3b891b6fe17eb82,10017ca37b1257ac0771e24652aa28c758e378eb,9e+17,41a322b28d0ff354040e2cbc676f0320d8c8850d,0xf88e4579bee83dfcbd3c8d01772e3eb32fa7929e550c6ff6ce900ab2b78183c4-39
2417,ae04070d8d10b235a87341a5943ce9d9c94232b6,e13d4abee4b304b67c52a56871141cad1b833aa7,1000000000000,41a322b28d0ff354040e2cbc676f0320d8c8850d,0xb3d04b92100e89ccce4a5fcf3764994562b2863b29119ec8e0cf488e707ff737-55
2414,9eec0b5bd8a48047f0dcc61e98b4b92951480f98,10017ca37b1257ac0771e24652aa28c758e378eb,1.27e+18,41a322b28d0ff354040e2cbc676f0320d8c8850d,0x496fb6d7c80dd8786a18949f556cc0fad6bd64a1a88c9dd614bb99d8afd4b902-63
2301,9eec0b5bd8a48047f0dcc61e98b4b92951480f98,10017ca37b1257ac0771e24652aa28c758e378eb,1.27e+18,41a322b28d0ff354040e2cbc676f0320d8c8850d,0x29ae8732738d83be36fa59a4cd470a9c1843233364b623d51b03b6b4b111dbe4-101
2422,576a655161b5502dcf40602be1f3519a89b71658,10017ca37b1257ac0771e24652aa28c758e378eb,6e+17,41a322b28d0ff354040e2cbc676f0320d8c8850d,0xf753608cf2dada61e4c2eeebaf7eab45d8e43b1301191f406f241b498226b585-62
1569,7f67e80272d6349a70acd0a6d0dc169292431020,346270b749a111f5aa5cf2ffabb3f5e146ddb883,4e+17,41a322b28d0ff354040e2cbc676f0320d8c8850d,0x199cc5ce661d7568472ebc7314005f91ab46457426c07b77eec7f2b9fb569aed-92
2453,ab3627317c43d394eb171170f818153b976d28a3,576a655161b5502dcf40602be1f3519a89b71658,3e+17,41a322b28d0ff354040e2cbc676f0320d8c8850d,0x2c6373b4c7ef6bc320ea0cdecdfaa265231baf474e913a4f0d4f106b5fb37c79-44
2480,a4ad045d62a493f0ed883b413866448afb13087c,10017ca37b1257ac0771e24652aa28c758e378eb,7.5e+17,41a322b28d0ff354040e2cbc676f0320d8c8850d,0x56508f6f797a3c8c10506f14c8d22b726a126a51bd41a4d4f8d6516a59a6723b-103
2479,5b0d92e138422428d8e5afab8ee8f99ba9a4e613,10017ca37b1257ac0771e24652aa28c758e378eb,8.5e+17,41a322b28d0ff354040e2cbc676f0320d8c8850d,0xff7bba25ba30ce0a5e02f71e7c1c33aa803d2f5414f808e12762f0846c125916-77
2223,a4ad045d62a493f0ed883b413866448afb13087c,b2f4b16595e02a9721f97e3e30fb5bbbf73f5f54,7.5e+17,41a322b28d0ff354040e2cbc676f0320d8c8850d,0xd3a22037e9927edc424e349c842aa00b15e65783165a3038c03002ef204585fa-18
2499,e88cfe8535af121121a4b475eefd13dae4fbc4cc,576a655161b5502dcf40602be1f3519a89b71658,2e+17,41a322b28d0ff354040e2cbc676f0320d8c8850d,0xaa1d68967b0c2b8bb8232b704de990d027d10799b91d758611b6c9ce5a3103d2-132
1211,7672b17d5eebb7194d57066f86fbcb4e85a7e10e,576a655161b5502dcf40602be1f3519a89b71658,5e+16,41a322b28d0ff354040e2cbc676f0320d8c8850d,0x1a05cd30eacf223fc0b3ed73ed28e5bbb0fbff18f1444cc3e9052b734308f8d6-73
2510,981276d81272f7cd8808701645741db1abacad56,dc19d539369c3da9172de453c05bc503c9ac6bc2,5e+17,41a322b28d0ff354040e2cbc676f0320d8c8850d,0x154ccc9c87c3ed8140f753d8139b046c3905750aad2cc06fe09418abcafdcaf1-32
2513,e88cfe8535af121121a4b475eefd13dae4fbc4cc,b7f6fc2745e66a1f75a6deb50b9f9dbf816cfdda,1.8e+17,41a322b28d0ff354040e2cbc676f0320d8c8850d,0x3d94719671d722e1c5e217f2b41c52c9cc1b9102c50b43d2894217f192b97822-33
2399,e88cfe8535af121121a4b475eefd13dae4fbc4cc,6c8d601ce9850d6fa2179f8e65cc3ab63b5a5762,1e+17,41a322b28d0ff354040e2cbc676f0320d8c8850d,0xef9f7dfcc7dc163079dcea3cce8be749a7f896f414610e577d449a6e27678e72-54
2512,e88cfe8535af121121a4b475eefd13dae4fbc4cc,b3007ff3c3f40bdf0126fec7c8e43c3fc50ea813,1.2e+17,41a322b28d0ff354040e2cbc676f0320d8c8850d,0xeed227a30076feb8aa10e504a338dcf4abda8e7308fdafb5b996224fd187022f-106
2511,e88cfe8535af121121a4b475eefd13dae4fbc4cc,b3007ff3c3f40bdf0126fec7c8e43c3fc50ea813,1.7e+17,41a322b28d0ff354040e2cbc676f0320d8c8850d,0xb0a55fc9aac7787801c95fc6e3f9daa47c9ef6f5147089aa2e78b6d2f978b80a-78
2497,e88cfe8535af121121a4b475eefd13dae4fbc4cc,d7e1bc51cd3f30e21b17bab33d77078e3fb7cc26,1.5e+17,41a322b28d0ff354040e2cbc676f0320d8c8850d,0x7e7738cc05b3073cfd78ae4812732575de6b540b32c7231779bdd6c15d0ddde7-73
2648,01cb023186cab05220554ee75b4d69921dd051f1,cd815dd7ebfd7eb46fc2858f040296b654cd6b81,1e+17,41a322b28d0ff354040e2cbc676f0320d8c8850d,0xe9b9965d1ae1ae6060931611371534ab2b01950c7145266e8309a610560b145f-28
1724,36bd6221c2016371c3af00071726578b91acb007,576a655161b5502dcf40602be1f3519a89b71658,3.5e+17,41a322b28d0ff354040e2cbc676f0320d8c8850d,0x58c53c931cdf994d778bb410e6a3e678aceb002d6b3ea25c72cd5eae3c4afdf9-148
2466,ab3627317c43d394eb171170f818153b976d28a3,576a655161b5502dcf40602be1f3519a89b71658,1e+17,41a322b28d0ff354040e2cbc676f0320d8c8850d,0x3f848915b69421f3fd72334d318a2158ef2f06a21e66e6025178e57a24d31d86-73
