username,ethaddress
blockbird,6b67623ff56c10d9dcfc2152425f90285fc74ddd
alex,6a40c037fc2b6e59df360e25cb60cb92042f7b09
1,d3d602c52ff68efb5e95c6db3f53b394ba411cce
cabanossi,fb1363ec558fc289ba6d4a6c6ba7919cfbb22b14
bflynn,d797d5784f43de300ec0d6bc34fc86023c5d71ce
AdrienLF,198574b36647b05d925c152471d05aa0d5d3e1c0
realorrin,7056a5da7d269b31eb2e54e5579e41ef283d7d2c
emkman,000dc4e30403fb38c94b32c07f1afd5faaefa445
cbrayst,ba29faf969a0252bc58bab0c8b3d52b162470345
upheaver,0320de3378dcde180758ad2d41c0e1c6dcbb441d
helenr,37d6140e556d3730e366ae983de4f436addb3b62
scrilla,79f7c440b359dece7f2a74813a94c36e3aba740e
JoeChiappetta,89f2420190d752a29671dad303446cdbe8c2193a
mills,dc595e18a3bd1b84cd53588b95377932e02b6899
JScrilla,5fae9d4b591f213b3ba75287f2cfac0883d17f7a
superulyssetoio23,ceaa12eb3f45cb4d58b0f27512a286afeacaadcc
Angelina,d468dd79eab2f9c56543606005589735e262c4fa
pinlord,408c76d8e3284338cda7fded97aaf833b7b2480d
DotCalm,c4eb3a4543e7a04ac44d48fb93950a84294be9b2
flex,759c5c787e83041722ba6807d92698f41bddd245
Kryptocromo,981276d81272f7cd8808701645741db1abacad56
XCOPY,39cc9c86e67baf2129b80fe3414c397492ea8026
tweetious,8b104344f397afc33ee55c743a0fbd7d956201cd
BION1KAL,cf4b8db56d6a6a8a3eac420c51ba4f881302b2f4
anbessa14,8ed0f8e4244170f827432698b559475703eb7231
CryptoWaters,e317eb46da9d27aa3493b03ea0468ffd37ccc2e1
ilya,53562e8ecee54356dc89ad263a444528b34d6c80
parispsalter,8d01bdf55fa7f1ccfef7b670a11b8c14faf827bf
LuxInvestor,8818c2e04a1fab81ce6432f98a4674971280753f
shrugs,ec6d36a487d85cf562b7b8464ce8dc60637362ac
g_dip,7d6105d75c5e6a40791a50a52a92365545e9b112
kumaraex,992b737a279f6ce912514addc0337c0c455f7e42
dongambas,83461833f0a56199d62c1a143cbc5c27484d0d79
zikuskate,1bfc965193868fd7fd32cc7286093af847207461
Alhambren,3674840e64a5b2176052d9f65a9ac7e8dbf7bd5f
jg2950,06d9581c709db39df3cb3de1c67f30d2fd1498c0
BrandonRadar,42f1ed2211a3e963d2e8f640823b2ace9b28126b
dapp,5e95016eec2f9a12aa9cd70008cfc5abd4df8a05
thepelnikan,378ad13c673274895a3cbc2112aa601b2eb1f240
ben.oxmo,b514b734951e8fea74990035f3534a1ad75e53a5
sebareb,a88c9a8d004d89b2700d87103eeb5ecc30d54795
jrd,7ff017c2bceee61b78222b07d07fcc02c616674a
artista,a569ccdadaaa4751f24fc2328df08b9f1e59606b
sotrill,048ac2c543b11cfe894c17a3bd8e1d0c6f916af4
ramieblatt,adaad684f8c0e9e59d996e760a50a4f0974cc996
macmitts,879641ab948d6f50f74eb4bf957bad5315fdcf6a
dkafksdfk33,9ed0d951ffac26f42e5b6c5fcfc015e751f6bd58
okwme,80eb2f5b92e51b1b69b0462f374a393505181b73
macedonio,e923d07f58239356d4b1db37e03a22141f4f37c6
cryptolala,b238619133248f889fdf9ccdabb00abb9b52bdca
djf3d3x,14a544d46fd6bb6add792feaceb9800277dfdf31
kingjulien,250eae42ba0c73816768559c40a39999486af26c
tomasienrbc,890dbc463f22c164c192ed0e3accdd99c5494f4f
danyo11,49e6f2d934077995cf4b24701fa5ae7f7b5e82e5
elactix,54e5409899323068bd0266d19ae5c7db4dd69036
Porsh,2bb3ebff5e5bbe6d79bcf2d0139af720411e751d
leozeba,4cc94028024bb109784690d71a4a010241aa6689
kaplansky1,de4d5886da98c3a1140260aaf536a2f1262e2948
5th,9aa5f262008ce83d976468e6afbbfb49b408db95
SuperCat,c30297e8b9895a2e6040d2fa9772a5b035ad0ef4
jmahhh,215fedd5780c39fbdadb4bc3700de61a8ffdd74a
ryanduffy305,3950cf9d61851259b0694a0a3800f51658cb920a
Frida2,eb8967d4d52281d88af7063629f3896053409a68
Ferrox,f3e43483671803d0901a537b9f7f814f00b6a59c
MarkS,f0520845f700796b567cd740876f2e210f2468e5
reinhard-schmid,25981260dd48274abb39d48ed3cd96384522c217
bardionson,01cb023186cab05220554ee75b4d69921dd051f1
Frederik,491ae898d1793cfc7d12e1aab09657d1afdbea8a
vikmeup,e47494379c1d48ee73454c251a6395fdd4f9eb43
ineffectualproperty,756678bd0d2358d2198511c3adf50502fdf45597
LTKMN,15588dcac6a725eb029182a8bb876b30c92b94c0
DjangoBits,51c3016d6699480ec6becdf2155079c27ebae040
hedbig,6eac7d87a9f2ad5c8c03c79e71b9038468043780
jwaup,cb5fba4419abc4d7c11af0c24ba0f2e555407f5b
DrOAT,7dec37c03ea5ca2c47ad2509be6abaf8c63cdb39
jesse,3b499ac151097dc9d32e056074e1e541a1ba9e2d
Samuel3,0c88aabd56555b3a24b6d12b19513639d2ecce34
simondlr,374bd185ee19fd9f8682eb875e5d0546a8d58cdd
Regi,90d3a1d50b609f023813339b706a2e09ef03b32a
bobbychucker,e1b81c5d227721a8e0d0f46f1de97254e8bded47
Mr_Yuk,8c8e700f72c363ae2f227177ccf6581946f44355
KyleLu,8b9cc3b15fe072a306b16dedaf10a0af3885b95b
sherone,44bd386b48c63ae9085b60dd84d1166154939013
Xelion,7f4d762fa48d170a643337b49a50bc744c75bee0
db,361a840cb44eaff1f613cc2bf6d2e7c01148987f
CryptoLeon,d966b27bcd90ac9028da3c9c8e44d9450f025f1a
BentonCBainbridge,6ddf5e96ca025e8933b6cb9128b64d4dc9d24a3f
jpstatus,dabd35525ad78cb65625696f36dffdb0a94f1a38
Sightmachine,81d15143cd2e768199d4faa6bf2e081258f2a431
AbeNet,da07c2cbf92e488960efd591f75d1cb00e9e64ed
makeo22,fed3d251b8db96b0a70cd741b9723d36c5a59da7
achiminy,ce8cc0c34e8cde7730b361e781ad754445e119ed
Sulack,c65267eb245e32ddab67d2e9ee172ccb1c65b33e
jacob,a8bdd23ec3c6b1cd3bb0ed920e66f632e29d4eae
solled,00390a79c6ed2c0dae113ab05dd83d2b6d4e6953
Appleseed,19bd5145fbd659949e6afbf63e4b1dfd77a701cc
gusgg,3355a7ba8344331f40e2e6576868035023c89076
nickreynolds,00c26ec65d2d84667212b820bfd25c60b59c60f5
MasterTrader420,06ce30bd0e1520af542cd5f3a80ea2d1083a2888
superrarepassword,c39272fdf85efd87f1a3200db26bbc00515d7664
CBobRobison,a64fc17b157aaa50ac9a8341bab72d4647d0f1a7
AlxMed,d487cf6f90ae63ff6b9fa7839f3979508bbab8d2
SunnyEgo,4d6b3db5429c0c133f8ebc6f2813f62a6c7d88a8
SuperPud,93ae374c85876b121550bad7ec59c8a4b0fd400d
devcam22,01eb2567f8b3d58f324d62dca543c665fc5fddc4
hdemarliave,aad0fab920e27561cd6ae90ac611c524912a739b
julius.j,eebd3d40e9cfc4f1be84bc991cd50cf107ee086a
Clabuk,b9aa21860c69497d6b1dd92e1cd9c46b591312de
boris,a8c7372dc993d7510c9c45425807d463967cbb12
Bsti89,a69e75581e613dddb10867552c8c3bb4153cd57d
Hari Seldon,428c1026cdb44d67b033cea0dfccc09908b8ff93
darkmatter,e8fb6dc8eee8143bdbbd74bc347c34674492e6f0
QuantaSeed,a1abbcc8b08ee941ad840da4baa69775868bb173
tanooj,f47d92071ace09ffbe9250de812b2d906658b422
Goos,ab174eab6761d6525a8a3a2e065ca042e74d0025
vanarman,572033a13d2598e0a77bc3aadf73b1730a4420ee
gcorallo,51e9047a6bbec3c2a4c03c27382381b129e99e0e
bbchucker,61a828cc33d4e6e1b978218d6ddbe59b9db6399b
Frida,7b90171588e7866b462048598bf923f393846b96
nftguy,d8d908959b0fdaeb9e5812443841362c6ef6663d
Van Gango,8910ff16c56415a408737812445aaaa78cef1c6b
bavello,fd42d6606d0f74276af3b67f77088d9bf8bb9e9b
j3ffyang,efb8822daa6bb5f3ecfe8dfb7978bbcac42300d8
hasart,c72f3a0fedd9df54af271912f283cc0024c14197
Originalartmaker,f5f067f3e3b32c194e7b36cae95a5fdefb5f7396
kukushka,655c91025a49e661f0e7bb1aa6b2ec030172f464
raregonzo,d0c3339848fb597abd46fa650e3e411715f0bfb8
a.blacksheep,a32f008cb5ae34a91abe833a64b13e4e58969b76
fuzzy247,17d9c051f87c4a685db7f84b54b78d61ec474090
Joel,6d197e339a8c6be76e9b10f18e609bb08471459f
sovereign,7bfacb4b46e613038fbcb1b1d9c3e617aa95615c
dcassels,6f72f2bea4bd4bc91e35e951cc752b2bc94a185c
dfincho,0239769a1adf4def9f07da824b80b9c4fcb59593
gcusack,779796d5de36bf9011c5f1dc77c7cb9a3f9e2561
pleniv01,6d587a8c9f05f27667e6c0249e4e48889341d366
tarrence,65f62fb10763ab3d9ba105334adce788d0606513
vibes,7bc05ae5277e6a0a066d4690328deccd3be9f73c
iostat,6af35ddaa6555d357845fcd5c2c6a322a784c85d
TEsuser,be0b39278816f5d6a71a515ac92ee43911a0d8b1
eccojamc1,1cf4d277263024d212c49ae0afb1ac5e8ab04cf4
catwhale,0f1ab655d39e026b4776e950c3e593a8a2562832
Buyer85,54cb5d1658eb3a3709c504dff4ff7eefac36ca37
Dmitry,cbea2155a147c7ecf25cad15e8c24b37e0a27511
Anastas!a19,854d23ee1488888fc77abfb6a806699355b2f492
gifanimator,b95f9f4a05e0b029010d624ae43ff7e762a15571
girayeser,a2c4451ed7b779159bec5082aa1023fb4a15b1eb
dafky2000,b13c38273e001f0427c26f15b79b57db90606a91
acid_raindance,a636e1a462f612e14adc20cb405d1727a6efca6a
obxium,20a0a36f916c541d6fa625893d2640e5d9495ff6
CC,67f4b4f120db88da373767faf46c380f078a9458
gordon,74b04ecb9ca15f50b03685efd9842db2253ec82d
George Boya,cf9741bbce8ba8ec2b0dc8f23399a0bcf5c019d5
@kolyacolorado#1,198712f02dec362773a6d451c86b68930742dd6c
DD100,497b488bbfc28d142372f0d39b7bdb2efa6cad24
nongwanqin,cf84642ffdb5e119c01e00c5ce39998a42e49d79
cbergey,e830c20aede3ba034e4515c5c8ec4206a3c4ae17
thegreekgeek,cf545e125a0cba4b23c0cb0e4f27e802ede589c7
jaazinn,59a9dcd01110ceb4499d224d00cbd0425f10ebdf
baus85,535758f51b4c4a315e78570d70dd4c8d18eaec13
zaph,62048796b46565df3913b02c2dbd8226b0bae2d7
mela,5dc623b39a44fc195678681571adf9a8f9d97c11
anonymouswtf,d47f334339c46e6b39f021fb404bb0e0b7015b17
wohoo,c12f49209485b2483adff04ee3e75619e74179e7
BE.R,5ab0f9286b105d72528147d94741fbe51293837f
planeswalker,62f7418c3ae08379b25a4b32c1f16e0e8758f9b1
chameleon,468b660e95c07d485d8c10f8260f39ae3f156f3e
aaroncastillo,cb15dd3e33fb68f5a0fb6fd766c004255efabbbe
ArtSux69,796a3a395ba6d91b478c48193dba35301e0a92f2
bernatfortet,1922d608276bba62912aa5189a0fd2da3e9ba27e
ericfriedman,0053ed772af5674126c285ec0516930bfb24bfc4
etekis,789e8dd02ffccd7a753b048559d4fbea1e1a1b7c
Levshin,278dd2cc04ccdf5d998cd2cc3cc0bd5b8d279b50
Nighty,e9c182092f7d509a1e0da0f495f91dea1f2058c1
DAAYROS,92b9a4b57b4a68db7d26b7b83bf98beeda69d440
maria,9a2186fbfffbed6a348f40c159fca77215f2435a
Mlanyd,0204de0591fcff769b6367a853d74d84d0046389
KennyLen,748d4c54103db1fea993ea902a8b890993c1686f
Bsolxiv,75b6d5ccc31dd868c40fa0d576db83da340470bd
whoisninja,c791f2d785395e769455ff8bb9fb781a27e81997
candytree,e2e43bf195717fb2a1535782c25d030cd74bf460
narvaez,ecc5c96341dcbd50ab9277344efc704aed03b223
Plantman79,a80be8cac8333330106585ee210c3f245d4f98df
echo,5aec3d436f9d287904b17ed6344479ac6664aa03
oshimo,545124476af4166e485bfa79dba40bc74adeb72b
justatouchfey,c4eab1eaacbf628f0f9aee4b7375bde18dd173c4
Emoon,50c21b2606959625072b96a4d5786b78b7cd7012
jomessin,74b78e98093f5b522a7ebdac3b994641ca7c2b20
MerlotWarlord,22413a572e8c3211648365c5eb7383918493e7fe
y0l4nd4b3cwl,4ce637ab5c9d19f1bc5fd926bae6ba6da4ebc867
loon3,13ac2c9314c262f1b79d5a9b331b625b15ef029f
jppj.jacinto,bd00dc1f3796a94ee6a3834de13018409e2352c8
Znids,4c12c931b58d941a57a7f2fd8ab29cdb53043361
Alexhorne,fece15851829fb58f2d7fe5a76b7fe8fccf43028
freyman,07005579f092f864eefdfe49f42b944ff01f9495
Bong,be8097d4c2681367c6ccc8438daea887b937889e
Marius,315bdf8b19c6aac6f3f4a79d7cccc1104f175e35
techtoys,f1f088610b2c55fe8a24c50a965ae16e3a8a9d37
asdfadfadf,11ed11803499660969f9fed2445d4d91da6caa66
adfadfads,01fa0e0705f475479042c4e8bfa2185553fae99e
Martian,4a2be82de6bc4473852260ef9288e69067963cc4
Bonzo,9a4e05f09b5c4a2db686fb868b45561fefec8f0a
lasse,c4ed5dcd49908e9905d33284193d74b66a8f86fc
roundmooner,ee5b442ea9ebc6cb3d0770895dbd99ec6db7e445
jits,b133e14ecab276de1101f3327d1b39dc925b78b7
K4rl33,e490d85b01bc481d81274629dec817a87854df95
tymofi,8d3d5d2e329038dd915e13e8505ca1a08316bde8
Fricko,28119d5c32b9c0080e714fa9a761b81fd88eb4c6
Paco85ch,b2da2f76c7527dad808fb0e984294aa9bc2c8826
JacobDrFun,654d6b8a96a6983503e50cdacf7d5db0999edc0a
tilabgf,d042f2b2e86b87cee367e27aa70ad97bb8795cca
dodosan,dd975b0e75a171d202e4b1c60512c2016a994e94
kekcmuffin,fb0a4229b368ea6c37b1a403954e68e58b4bf4fd
tanuki,b1cb20b09f20e09743c7b20fe4ae96643eec4eec
SuperyachtArt,7b3e12d77d02a7736be3dab48d8cf2c9632b9f6d
Simple,470bec2e2161d47d6c2c6745fcf564a03749aab4
jpg52590,ffd95533f08791ae480b997c8124139fc1e8e700
isuraink,0cce9f03ce5c534d5a28a9151772b7c509cfd27e
wistansound,ae563976d540021101e031bf813474d7a6b7695a
shoumi,c35c8905dba21e790919124907286f6d35248156
Saigrog,1ce9d3a6497d29c4d398ba2a1e129aa7164b6e26
FergHex,d2c8f97fd79dd00758e90803ea01e9724bf80f44
J Warfield,9380d5399eeb23ed7b14ae5f77b41b68d1391345
Gordonram,9b8a6477443a5a11ee3608bb15e5c281cddf9990
superrare,6947413c168622853411bf166ce4bf4bf564465c
ckxpress,eee88daf7ca6d1a61a1e4b160e115c932467f6a3
timothyfrancisco,16c007ac2139c892ef1cf78cd393ae27a332023e
carlosz,8c5cdb8d86bb8fddbf330432aa34e9c1f11dcf3e
123456,f527f9dc78680cb169628daf8564448a76560634
hester,6eab8f9b2724b04aed6e7e68f4c1b6158e47e12d
HJ LEE,a015348d45a5cbb466eb968e4e3950ca6b2591b5
Jan,f915653caadec8aa56fa96c8ddb13646c0b170a4
Matthew,8d2993d47dcc7528f6cb279bc66422f3361a4684
MyCryptoArtGallery,af906155a4e624c7d39f8f15271a5f8b01b3915e
ucon,69f1427b67fe551ddf1556ec7d091bf168baa3dc
seperlee,7b5263f47c96dfbb03a71443d29a2af18a130906
Grimlock1983,d4e59c092939255776a0030d400347e357d51d44
nathansonic,1fd9277f03bd18f740bffbf9f160f10bd8fa9f11
admin,2a5ecfde059e54606a885516f14635a6d25bb316
jimbob,0f48669b1681d41357eac232f516b77d0c10f0f1
JeromeJ,9f3418daf68467e6121cca2ee977dbdd1d587f7b
Mo,7c4f64c290522932ba10b4694e885bf6cc1c69c3
digitaluminati,32cee3fb2ecd101c4b6b6a0ecb5f4c283099a8d2
BaroqueEcstasy,13bd2c1438570bae47625806a3b6b121b0fec1c4
RyanChristopher,223ca8a0362e583d71e7839cd831271019bf906d
Kjf,2a880a9e4942acf4615c810b934fee7b920e7c6a
Mat,c047584bc338419600123df4f3bad9328add0042
guylouis,22f306f16b19af692f0bf09d8c412d7440c95298
D_Corso,c1ccf7456fd640473c383468df2c18a2e3d68ea5
Makless99,3f9f6b59816f6e8b61ecc5b24a1df20e3f0c3858
mfranc,738dedf7c9e7ef4593ab5dd316bf05ca299ca0b0
Anna,de101078175a4563436bc04fbd11a2185d3f583f
Magic,f28a9b18413ec47f94987d3569f4418fe4e7034c
Prometheus,b8903d33924b10b9cda7fd9505e395f1ae0b8532
Unicolai,d04c453461a77b342fea9d1fec55861399401122
MrRevix,ddb7a9327025d79dae4de47ff01cc6aad4995a43
nocutties,c0935268dd5f71694a0c1e79a007ba5ca23dd1c2
stage,bd1aa7d3410ad681ba51d6e9a521f96e21d0300d
Artnome,bc74c3adc2aa6a85bda3eca5b0e235ca08532772
petefromsf,b6d8b7241c2ec04dc219f17e658c4bff4263d973
Lukaszf,f754bca4657abe7a31d8fd0b382a5682ed579b71
Sriracha,8443b668be105143466bcdb8d8fce1f697762ed3
Sergp,b9f914fe1c6edae2351fb42276868470083a3cd2
rawvoltage,c1d7afd80fd4611ce1cc40b3aeb9b9383cd58194
colector,2582eede06784951e963687bc0bc1361d49f2b8a
hedonistjugend,6094fb01f02bb47db10dd7c61c4320fd185d27f3
danieljakobian,0da07e67c2ca3a3cfcb58af115e1c0ed64f69f96
jrmoreau,b4f6ae2cca59f0ea3fb2559e32c61df753bb542a
thomgulseven,657f8ee2f67848a2af7c26b1db54b0bafa816464
ReluctantBeagle,7e340f8bb5dafa15a16825e2a547ba8c04b297e6
backtoprocess,3207d4ca031688788435f32037d3770846adf85e
adwodarkfly,9d64c1c07feb186a27d34118518cb4e9c0e83447
seb_cryptoarte,5ea93bd269bfd21b9e19f73db5d51d189c35cdb3
toptickcrypto,2fcc020f72e5d2edd2a24d04f3dc90d7fdfbd1dd
iiwok,d3f8c3fa505b40e6f2a3692f273cd106e4b260cf
fudzero,96c167ade7129ab1486501cccaa9a8f7b327606b
scalefree,51904b09216975ba76a2dd94e69010b1a0ee9643
rainbowmoney,6260204b5714c692804d1c71f325fdb0e184339d
chiarabraid,4fe76ce513915082f8bd450b6403295beae6a240
ARTrash,1fe1eae8a01cb056cc308e60dc12d98b7153afe8
zaphodok,6853a596d6d7264d3622546da3b891b6fe17eb82
OnmeTodd,393f5d9011014875257527cfc89a2c736780a1db
Joely,8c7be1213cb8e0c367012f1ee19cf3378a3ae4bf
_mryuk_,75ce2e3d352fbe6b11df8f27a880eaabf85de074
juliakponsford,1a1136a351fb653df6af838442c9fdf44f2f42d8
ArtWhale,337101def3eeb6f06e071efe02216274507937bb
max,0b715ca8dc39e7f8a480d28d9822ae02f0a57008
nihil,63d2375c0fb65c08abd9dc5c3639d8bd8546c9aa
oregonguy,c89aae58fd4d9b69a26595615703595aa782734b
0xbull,7672b17d5eebb7194d57066f86fbcb4e85a7e10e
oficinastk,a4ad045d62a493f0ed883b413866448afb13087c
levpolyakov,39c040b50a13894e19dfbb0af47ac9bade9926da
matko95,00158a74921620b39e5c3afe4dca79feb2c2c143
Quewin,b201ad55353d9ae3c958a5a1f4920eebd323825c
obvious,b7734b5c378fd169d2b9720d0d5ac1a7b30f9fc9
pholsgrove,dc7bb203950dd469a738ef346001f1ad996b4a5b
wolfhat,f051c20b310839871a2e8bc493da55370239c0a2
wavefunk,fce9262f62f564edb7f2aed998ab3a551b5fb0ab
mf214111,6a92f63990175a1c288a0a432d2e7a824c18cbfe
yoyo,f745f479a7da0b538ee5bbc35d719c7c481e1b7e
Mrcool629,433bee712c66d150b735c7312bb1e0fc7b1a6a77
Charlesx,75b16ce7820903e48d065e03be3b7660518517cd
ofthenew,8a74d8f3192f396f0442cc44fd5395a446a79c29
killeracid,9e30a1e5e13a2e0f2ed775bbd420fb7cb31ebebe
Status,085627c26cdc6fa43ad562e0eb636c1cec498493
a52d4,aeb70953077c1eceff54b0c65b2a3c54ed7ea185
jordankitty,9787b715a9ea9ef26be9c03bb49664e357e279c9
EhBrash,bd78c0333c35298a7ae790396a96a01a3e366fb3
xibot,6fd155b9d52f80e8a73a8a2537268602978486e2
hisartwork,5cbb31e39ca93ca13d8e9f686bf749b14076bc65
nucara,89add8c2d24467410e60e2c24aba31b8ab9e05d8
ArtistLeonardo,d00dbe217b7199b312b3008bbe005ddffbc2e01d
Casatest,e55eb756ad2445867ccc56283d1f4c9b912766eb
travisleroy,47709726b5bdc4c8c97de43691d93821d5b14103
ArtbyMLO,ced2662fe30d876bef52f219eeac67e2b328effc
jarmen,288bed17390be01c8dc8fce505f6f81396adae9c
Wolvesrunning,33f6aaaf3468ecf387a0248495c6006c52f1ad83
AnnAs,c443bcfb2cbc9a974d5b5e19977bd1f1cfacad8b
Pajaritaflora-Digital,da5e56e6a41230ed87f39b7c65ede7a8373de403
dannysmith,1b3da5a7137d7563e9958e9942576ebc2089c97f
Sake,effd33b0ca84c77939c5a0979c1b5f7509a769ba
DreamKitt,736cbc78e86f321fe344323187838925b6d6483e
joanpope,c17f85ffca1e9627ffcde1d131ec42050df5afc0
ferretj,4ddc5874dad5c8ba7b7e19a8aefdafb40fd31f85
James,39e494fb02764904a9d89d70a149d19331654e21
horrot,73e9a9252226327081440c6169f83b5f6c3654da
theasmody,f376c8c9cf3ce1d22fd3f06a7e24875924128dc3
jordanc,2b3ab8e7bb14988616359b78709538b10900ab7d
FollowFridays,75d41cdb138c4125f89bef198fd3d865c5e42808
Poivre,6242ab9b1f5f0b8e3186055af07825fdd00ca273
Alexking66,03da6f9376277b19b4a95a4ea2dabb434fffb3c3
Kreios,414b46fbd1d189cf22c177c85d13142fc6d9d2f4
jedeyr,053e84e80cfb38d672d53394de3dade1fbbacd25
AEUPHORIC,02511bfe26ba654115ca31c466118924dd7bae2b
DrBeef_,860c4604fe1125ea43f81e613e7afb2aa49546aa
marcolavielle,bf997c933df4f934bb291c9adff19b658214edc1
boywithtulip,f0ccf93438aebc3065cef29e013fc5f4835c4780
Captainelvis,f6c9634c9c9415e7b82d2148b36f7dc76b708a73
Alburo,349fbe6c3bd744342c19c1133e268686d01a650f
vjserr,23b5885174cdfb3d4b93a7c23fc45fea9ab8712e
arseniy,140a824fe0c013aa969f681b5312ef5c3a39cdb4
skvyrla,602edf528211015934fbb9e7fc043f0fa296ec40
gregsantos,1c09a4a7f6152fa060d1e74b6d0fc2f2cc0cbdf2
Troodon,976b598539eef4e35297866ffce465d2e94b7cc7
gememi,bc62985faabed27a8f174cbd5ea1ee7b1ed8fc12
jatinshah,e4caa2e7ceb776172635e2c267f427bc5bf13fc7
julianx,76574be12b8218b3eb23cd72714bdf19c1c200b6
piotr,84491bd79eb704247bdd1b2645094b87844f3202
hako,dba71db3c07787206075c77fd0b7b4b1aa22552e
mike,09b14b1c8a92bca0cc592a80dc311bf1a3fde9f5
illglory,bcd5ffea453a73233dcd808c2c85da262f0743c0
BINGO,191bbca32478b3ec3eb58f5569e6a86b8c6d92eb
shredcitynation,ec8c1050b45789f9ee4d09dcc7d64aaf9e233338
kenny,9993d3a6d5a26f1d37220fcb16947a8b16998c9f
defman,0ec6ff565b0a4b4d4e0c92c112c5068520f1f9e4
Kathere,509de581ff7d32b7c38e95122de8b3ca59da9159
NY,82aa7f697b9bc19f286d286d130405c0850a2e7b
MasRut,3f0bd14c8512a71ff093ec0fb92e4c2c5b7601f7
Wise,e8c9333d6ba367ebd7ed1afd83088b5b5ea15d84
MaryEmBo,32d49f84aba76e18387ef7e846689a86ff6a43e0
Katatsumuri,a4e7e0dca4393cbfefb91d4094530dbc0bda1fbc
LuoHan,89c5dca00b9bf5ad746b91ec911c56cb4aee17f0
fabianospeziari,36bd6221c2016371c3af00071726578b91acb007
jjr8888,1eb2d5f63f2b37d9f6c0181964d228e55fbfc325
NicoEchoDelta0,21631d18d9681d4ffdd460fc45fa52159fcd95c8
opheliafu,5b0d92e138422428d8e5afab8ee8f99ba9a4e613
TheGaloisCxn,65593b011d6c1726e02bfa17f1370aa3c5f95bb0
ilan_katin,ab3627317c43d394eb171170f818153b976d28a3
RMando2112,c1cf4ce2614198c650609ba44b0283e7c82f8c21
Kiheonshin,51c416e89c083859562322a0412a3e130c69641b
wuzzerd,4edeb56e0a46258d01b41225f82a5b90dd7904dd
egorulz,8e23b400c603e1fd0990b69d7734531f6a0db334
eyemine,e7367adc0dfcdaa6805c48aae49a38f5b9d75181
wighawag,f78cd306b23031de9e739a5bcde61764e82ad5ef
fewnew,37a4b40b5719c7ef947cc1b586a85c4e30fa4d1a
Rare_Designer,43a7634eb14c12b59be599487c1d7898a3d864c1
popo,544ab77c4409bad29011acf575adb850d0cfaae7
vr,dc2cf5cbfa31958ed32c3ace696ee6bf1a6a19f4
Strykegro,edd17db41ee47b8794b10802ac05806a66f3ab36
den,4d13d16623890ff2538e19dee1ec7beb61acf1ac
bentooth,c6ab587bd3890eceba1ce75a68f48883f91ef5bc
Durtseuq,c7e25ee74cf4cf0d71a9bb75adb273e8095857f1
y0l4nd4b3c00l,806c05ffe56f49358d958306c3f07f015148a621
ULY128,18012ec13a65d483d226cc9c0a5f65d2ca43bb60
epictetus,7b930f4d1850f1942d629d461812251fbaf07d68
helpandfaq,ba333f8ff556bf35d38e102a98daf1c5f6d9d708
thali,ff02ddbab49a8d2853daf0a9c6d42ccfb4f21f40
Sky,94ea44d8cb575032373a9925f794be48a2b806e7
keldster,e5fdedd718bdf40904d67658fa4b9629a7a8b515
artonymousartifakt,77350e1152efd5f2d807a6124015c629a907155e
shortcut,e13d4abee4b304b67c52a56871141cad1b833aa7
kileywill2,ff44e0e3321c3ea9804ca74f4452239bc0a9c183
vipyne,46fed8f764ce48dccbb9abf7901464172d0218e4
blak,663a25dc4057d3f7149ff1c374388876a019d64b
ungltchme,a4622a0e8a2e03ffe8edf5bc55eac7e7ce2ca8c7
ko,607aea00ba3c2cc23b65a7da1f79bec0c3ad549e
NicoEchoDelta,f7dacf4f4f6283eabd71847bfe4f35558e4aaf50
Flynsky,fa30c7836ca6c0c85bb284880774620d283c3354
rahcrawford,9b7c03efcc5638951d07647a583b5e390ebf8824
Blockrev,33d3772b2e4c450c152ea453bca5e19702a59440
superesc,d1fc3cdb1e20d78658849727770e78034338669b
potenza,51043eeae771928201aec273e2d41e282ca0c118
Annad,55b961471b6570ec332a3bf346e661914a3121f9
Roses,b3007ff3c3f40bdf0126fec7c8e43c3fc50ea813
TheFourth,07d52f0ac67e91e1c5079683bfe27ccf39b5d71b
hiddentao,b1b6e377aa6ec6928a1d499ae58483b2b99658ec
marcquistador,492ca0f87d2da3844e240fb5d824d8329c1a24ac
drone,7ec5c34f817867b10ff34d76dbc7ac2b9240ce85
Mandelsage,25a765834c56e5daa26ac110a671e54740129042
hodlcrypto,8314842059387b49a26bede4f7d30a1d987eb139
grow23,7124154b52fe655bdaf81dc6bc8b06d65ff983c8
simochines,61167592b118673169d717589c4630c1ce21df45
kian,5295b474f3a0bb39418456c96d6fcf13901a4aa1
Hack6c,99edf1f758f70b4e27db284ec32ab8ad3b1fa2cf
britoshabu2004,ac3e70a4a366a8baf8ca63ec3d21a43527819891
awaygray,34cb1af96c2c98df7c9e6dacbfe804ab423ebe7d
Rajanie,8af0d6fabc4a90ea0b95f80ab62beb816ed32a69
awaygenesis,401cbf2194d35d078c0bcdae4bea42275483ab5f
Newman,649e2a6b133168edf49b052c2a16abf57e99ea50
MarkJDiez,8756de484c0eef4e46e6ee55a50206b89120a938
azriel46d,b195ee43f6ea4bc4cb6f6916cd89addebda97ccb
goekhanturhan,7da0f83fb23f84681e32cdaa0a8907f8b068fa2e
cryptoARTwhale,27d54e5487a6b64ce403f627c1d0843d469f8200
melindawang,de6d76c4dd418c7d2a5efc030b2e2ac2e09eac5d
amilanoa,b93dc00d9c771c62efa260f43ab78a516e8d4eac
dcassels2,a2910bd0411e8589c87499a9e73b45f24d269826
y0b,61987699055394c65355f2797d3e4e589f7fabf4
richardfyates,3153ff3b8114562093ba57905c31bbb727b19106
bsingin64,3b1d594f662fdbabcf2cf6c71f87bc7e89888284
natallia,a101fa83717bfa40963b3520ce57d2b7a6dc0c85
tehnica,5922814feb32ec0aa032b4229d3a057f10084e09
Gasram,89a77fd72e6c8fcff7d6a96f26fe0eb0778e294c
sirwomp,7c2583ba2d3867ae5e02acbc099715479f18b144
Plantman,ea94c9a3bcc2bf5a3c08e3de1ccc64c6b6049710
cryptowanderer,406abd306b633b6460666b4092784a3330370c7b
Berien,59d5fab40461430cb7c9a3898b7aa2da55693f77
angel35mm,b25219a402f18160d30b7e827cf9f592989b081b
Keeks,a00e47c8fbe274ab3c24b08081d661c8536bc80c
goksiuta,6361dce4fddbf21dd6ef4fb230d6f20d23be7e62
miloszewski,c8c0201ca82694212ae94233fbadb7b9547f83ae
jstryder,41626baeb960d9c05680f0b91bc514c2371a57c7
artist,a3e5c82d2d2905516c86690c9628e47ace06aa02
snikt83,4af4aebe930e938fa11ad28cd2c88645cce739a1
kieranoneill,0e4ad69648fc4752d089ba5ba0e1bf43c129616c
bohendo,1057bea69c9add11c6e3de296866aff98366cfe3
Owocki,caba8ae854fe04fe4ddfab2793c7cc84a338b7fc
sknkmn,a4e3c42003d9eef2f0b59b8cde752231560cc120
a,df537fe9b791ac57c4d5e94f6b2fa8d989d7f793
EyeballKid,335e19b3f5dcfa2e398ee7d5ff430a1f8ccc88b2
holodot,097bfb94ee04abcba27f6cdb75927767044e9f59
berlin,fbb447166a9826ae2cb5fb7ca86a2a66a17147be
npc,b6b32ac9499921c86e191a5113779e4ebc3da958
boris_t,54f5b9e54108e9f959da4c0903c2b7da0cbcc954
BoyPreviousDoor,baba92b7822a56c05554ab5d1bc1d0b7e212499d
KyleDewy,a87dce1c422c1e6d37494e5af78b4395871e10d7
CryptoGagosian,bb2aa379177a52f93089af262b98e9f298cde638
mattlock,634ab6b41cd9386176797942c3788bc2d7635fea
lefreak,997889b20ae2482377ce58e188a4430371fb75a4
Serste,20da165deb81dbb042fe4a9d4808399ef2477c5d
bardia95,11a8d2d4963d8a3bcce91273c7de71bd4ffe4260
MomentFactory,5cc70ff4ae50eac73192ab1d51cdec1bb452c048
jon_blok,874ddff8ac72db190cacad4ba22baf9b07039649
Harry,ee8ce35e96046bfc370300020dc956c6604834ae
coinfucius,367e0ec187b31c7ed5cf05e85e6c7c011b5b9ef9
5chdn,0312b8954b0feeaed741ffc9d8b9be939d0c2957
coldie,d0c877b474cd51959931a7f70d7a6c60f50cdae7
Sjsjsj,c7913034ac6ad1d181a0cdec0aa949e0f30b7218
jonathanmann,3d9456ad6463a77bd77123cb4836e463030bfab4
Pi0neerpat,9799eec7b47075d29bcbcf3c4dfd5550b798e95a
apetersson,f57f6196f955587700ec5b5a8af1e88fcaa1b7ee
didi,ce6e5e6f8cd523c9ad19b2f7519a98db09070040
janosberghorn,04212b21b40631d4de9653e5ec751267c2599d11
StranskaM,b71bcf724f75a7c30e3713628f55aa31fde456f5
Markbmilton,321da8f455465a49865ff7c512358355117a6de4
mirshko,cf09477fc06c6356cff2290ef12f76c42644c171
gnz0bnz,0871e6872f0cdeb32eb013648a76575b4d2dba80
Kejace,d0847e75eb52e88b79be83c0cb9928535e8dd102
vincentjw,deb08d04004ea00bb6898d19267f7d3399e2827d
Dani,89c010bc7085eb150b66582f13681f9e36904bea
Amazing,29c70d7680ef03519880f216874684594968a006
superm,1464d4e3c815de3028572b850c6c34dfc57e9320
midnight,6954d0255cfed71d55ad8b371b4170b8bf7709dc
seth,80588eac751226fb571bd86ced03a36e5ab49802
Lilium,7271ed7fbb77c6fcfe3e3a2d939e6b02d356c6ea
w1j0on,7530566d47eadab0bb93d560b9c80fc350871d46
Jor,028acca4233995454e3693e43b6957a2f8ab456d
huungryshark,17c48a4f5f0fe134abba7332d6a44a74e4da4d27
Ejdems666,4fa7c8357329863f78ee77af0648a06e944b7923
zeon,babb6f20e89ee27cc71ed8f8ac5b901bf0988de9
ratio,4134fbb3adecac0d6908db86a4daf086c1d83d14
yal,649b4828c9ffdc3b972f847e64e3c996ea76f704
Hutch,34a4b73100d11815ee4bb0ebcc86ba5824b12134
PaulRBerg,19149798f777a3d738777334ccbf0063a04fca3b
helder,4b58db3ac7abcf227791a626ab9895c019ca5eda
m00n_base,20e1eef81e622fe07633bf2a039da10747acb99f
rubenalexander,bfd27b3ba97272bc144b6c44e9d320f4fddb26de
Colletc,9b9dffaad17cd0215e454dc0a6e221e7b6a16062
alwx,17f55f9d9f9ab3187060c07d4eaee2bd8e2b31dc
JohanLives,14514969f68b509732e8634074b9995afc4c169b
Barbicchio,f58a91ca57db60f991cb67c9869fb8af5286a96d
morbon,4e6772b3d36cd45182cd93926b1de04172be9eaa
vovalive,312401b48fcaf8d49bd600e83a01011bfa5b270e
ludorum,94b350d08f8e828cc67bb1598d54c5f68bc28c98
v01d1,4095e4533830f1b1b3df1a32841aabe2198ebf16
Sebastian,eb761b8d104e2c573fd0153e3e14b6055338e749
AiGenerated,0327dd10c64417eeef1137105175a9402e0d7512
Bebesh11,481f8e839a81080f519236700773ec46023c7bdf
trayan,b9406e79672c60e9cd6a87002301788df1fb79c7
kryptostudios,f33f5711c0a8f78123a262e916294bc40092c4f2
emerson,3441e4f268367da8c998eb96854b8892bb1026dd
LlamaD,58771b7ce13aac743954b751a5a3b74f4a32541f
wladapp,13af8618a585336d18f313e746de63f2ebeb4956
Wogi,aba67156bd090744c836a83008af95f76979aaaa
raichidean,0c3195dee42772485f704d7b4e745d85250592f6
im,17d505127bcb9bb24d6d28bccf639cdfdb748046
junnel123,1874983f59abdb8aa9835da843bd990f376c29a0
karinmikluha,10485e2720cadd0abe658e2d62a47412d9440f4b
MaliceRed,565c550a40a0f7a3832dac01d8dcf11de47f7f22
estesink,02404a0eee532466174096d57f5d3739dbd6439a
helderleal,917152831a989666a4e702ebca749e7aac1d0bee
flakoubay,f1db8a2623193757317639d0532daa5e3c8ea20c
Ben,3bf5d5d35a9230fa83440be784189dcd7bbf4225
me,26713110f9343fa3f6f90a76a52dd7d665732ef3
xu,e5c1181badb35de2efba63242341dd88ab262ce8
prestonattebery,f1721fa5b72191fdc428a2a5a5b4be02b711f0ea
jjperezaguinaga,b5a217f8d5ef4c72337bb3e476379223b2807df4
imagemotti,bc4e3dba6f052abda1f83d598228b85aab0c1681
Amina,9b794360b929c58f9c2b58e9b722136b5f0788dd
robynpretoriusart,8affbe21ff2aa26d1a73b1a3744a9dc510c86f15
Curi0sity,aa0c45d2877373ad1ab2aa5eab15563301e9b7b3
McCid,eeeeec16d9471a5fae3b02a5cde6461fd2d4908a
WalterNg,1ae1d8a2264a4ee3fd809656236b99cbda1c340f
iansheridan,16aac3c06f7e4da97c29d0f14126517e37b9f43f
daniella_doodle,ed8b0f296a201d46066d895998bc5c191e47086d
estes,4410bb5accef3848bc7b64131ceb3d54740682e8
VK_Crypto,10017ca37b1257ac0771e24652aa28c758e378eb
Janne,69aad835cb3f62e435fc693443ce49bfe74b6dbe
zora,1b158330eb18839f50649f4cb8f49954214866a3
Maksim,98ed9a715cdd3a22513d1b45a78ad5c5d548b651
rarity,5c25aac680e826490c82cd5ea0c5dcb5ffe5b05a
nissla,92fab452e2f14c7730f79031906e06326c916946
CryptoBliss,aef106ae6c08db1168d115c8e20dbbcda3c7e7de
deksprime,5cc862c6f2b87f06149f602efd322858b4439c75
DigiSanzio,9d805c5a5edede3db1b42bb1b2cc9e8aacfc83b1
Zoltar,5acce70cae148b520ff36dcf177ee78ba54ebc04
creative,51cbc8963f56176b8b8987ea348d33080ff90a86
Mckmuze,d1d9ad34fa978116394516913e4ce2b6a4a389d6
Victor928,bc8dafeaca658ae0857c80d8aa6de4d487577c63
shatzakis,3f563dd21f42233c4928cad061494f267578b569
duncanwang,d1f7922e8b78cbeb182250753ade8379d1e09949
triplecode,26c2c08cc58d7fa471ded745fcd0fdcedb282e17
Neon,68f8257a9d11b89f2497038723c1429761540997
KaremAlsina,1c8bdb4037b9a86d2df31babe13f0560da47de57
suchit,6d7bb715327981c7d7c1c7f40f8086d99b5d798e
Mononoke,1eb398768c0069b1f8235b30f58bae27bc0ba9f8
Alexandre,0e540d2d3eb7cf3c3517a2b34a0f263ad829682d
Xenon,3768225622d53ffcc1e00eac53a2a870ecd825c8
charlie7,0b3ec366a2fd79f8c0b2e1dce9467f454c896a9f
uxt,5ab5844dd55ab73212d1527e4cf72fea884e39dd
snowfro,5462dee16b3f4d240ebbe52c9c4214c912ccdda4
vinayakpahalwan,721958521cc17feb28559f04f272d81f2a7f5dd2
Jeallison,da6cdc7a620f38529649d1fd81cca6e05eb6b800
flew,e98bd4b49a1eafa8c2ecbf562073a12fae464b65
sharkionflex,671b6b6a60c60c21a1ff5f1564d2e8726bb12b66
MattyFurious,32dbfc39e6330ccae7505a87519bac616c45e3ad
art76,10411156ccf71d726b55358d74afcee49a5805c2
EricVanceWalton,467dbe1caea2829f99024e5ed69c385d19bdb081
downbythesea,ec06218addda0551d54b77950bb9079db88fbea7
SeanDunkley,4cd3a2c65b300265647c27f865ef527c7152fc8f
NotoriousGangOfOne,c7149e861a03454ccb66b552797a05c8d98994ba
teamhumble,627cbc54f76fc6a9d50ace07b8b5910137491371
uivlis,6801c926733eed08210738986a8c56414125b1ae
youngstax,5ac843eecbf67669d4003aa49ae5e0136dc73365
0x,f9196f9f176fd2ef9243e8960817d5fbe63d79aa
asoryos,5815d7969e75222be61dcd3005890670bfc9b884
MattJanso,33c5bd72fea8db83331c5b25ec7f261e3b2807b3
vruot,076e89fe9e24c191ebee53cceec5356600c8d059
Pharaoh,d09756eafbdd1e6b9ca226acadf750cb94f16c12
wagnertamanaha,c82dd961c9bddd1e567197aa766d1dd9010657f7
HEX0x6C,f8b32d30ac6ab3030595432533d7836fd76b078d
freebird,606134a0c8615ee53baaeeb4066a5673ad35a95a
frvrod,c2b18fee93617dd58b95b4e7c78d644811656e01
dgerm,ff6107b55e76d836a961a137b029764a7c4c8785
811,372fd0ba70ce7e1dde7b071822a4cae011efdea9
michaeldada,af345899202448c1f0e2d5f5ae8df198db3105aa
michaeldada1,f1d6d2adb814058d7c9c4e773785f6bc75a72547
Pindar,55372173689c288552885d897d32f5f706f79aa6
ferjart,bf462c16870f44ed17ae6ceb2b363dc36b6d3ea2
LeCroissantC,ba5efc6052c93f2b95b0b55a2634eb3a69359bfe
wyatt,7ea92dbce5387f8ff480fe5d557abd4c7b09054f
Sparrow,ed607ba16f6ac5afbff9ad9b8c02deba2207cbc0
lyapustin,4316576fbd2e7e21190e6ceb256256e192835242
soundreactor,fe6514192844f333480a99eb1881de8e441042de
X,e75516ab415e89d240846f6dc86703a2b9058c61
scheelmatt,9ef4acc2fd5cde01ece05bd4e44732a023ed7845
dazuck,ff326878d13b33591d286372e67b4af05cd100bd
kadin,9351f5e5b15b1d52b08e03947b31b8c097a42f40
Annagat,2e1ce0f514387a188f4aeff4ceb6c2c0dea66ca7
Colay,147f7d90a7ca5d441c90611bab6d2314d58de6f5
Zakulele,234ff6b1fe028fcc7cc9dbc52d0532d9e7ae7f2f
cjremus,88f78b27b0eab9cb2f9108808070c7aa1e6a88b8
jamhcx,9d8242e3c95a7b93d718376ff0e74d79dcb7b2cf
realitycramp,b43cc3ae446c3418e755e4b873b96494841e232c
k06a,35d9c1c4506594f9ec902015bec622be5ebc6c7d
Aspire,1412db9f765d7b539d4909f32f3e0b043221b17e
ResurREKT,c4de55a46b3635295d0e6939e9d1724e04e9f5f4
bamos,ac75b73394c329376c214663d92156afa864a77f
nickmarks,adb9c6a08c5373fc29e5da40377190027c54f56f
denizined,b6e32c75a2083a38f6cce6e65756c0bf86d84200
Bimmi,83e32aa20c5e697da1facf40c27dc7ac4b272098
vg,662ec70531509df61c8c8e44650c203f0ab79466
oliverschmid,32044b9d572d61602eeb3b6af5c7bfcdb8bb8c32
Albert,7f67e80272d6349a70acd0a6d0dc169292431020
BnoiitC,1689b564814db5f1c7abd74129771d282e2d652b
mattrob,58be3faa9de974ae6508f05da67b927dcfd55b29
Game_Over,c56c94dd4d5a2b79c2eccd5061a7d70b5a57ff45
skinnybouffant,02c2c782f08380755b49ff4185218f6b6e238db0
LuGher,f2a5de681aae1954142802bee42d2d90cfcdbdfb
Happyvapor,7d8d6d5566e851d65a88c8adb33991a52d90b4b0
banksy,a898ac24f567715b1e023dcb7a98961f7d6fa918
vvvv,958973a140f1e3ae91343e4aabf0de6ec50763b6
rorshah,248f563073d20d69eba58f6acc42a001b5b68902
aksyartist,21e39322ab43f2f4b13a52c9c88510eca4105ab1
worimoky,0a821e353e5da4a6697a14578c985ea95deed245
Enrique89,1f9e4a33d845e7c48166b3f8e06f9bbaafb84614
SirSalty,5ef4848a529942ec87d4f73686a6c221d4d76d3a
jdanielricher,d408af374b94a80510a93246cd4cd104a5fad132
kristophuk,b3397a6feedff2b9fce9ca1086cb1bdd617c16bf
LivVu,8ff397c1d0f2edbb9896c7d442d512f1bc62410a
FractalEncrypt,ae04070d8d10b235a87341a5943ce9d9c94232b6
trenz,40b2bdfffaf95cd92896aad18f22239e5e675fef
Dalcio,9613c43c43cde64ab090ef01b6d246d160d3cbca
sanguinello,ebe7a48bff29e0b1dd7a6e45fe865cafdc87a34a
acousticsteveo,04d5a6cc4092c241b3a592beca55e8c00793d264
jalowinski,acf78f848d471155fee4a18e75a7b2e7db02dc09
LuGher2,5cb16c384444ec1b1bafb9c38f55d51d25eab82b
edmonam,ac4e6c26380800b026a4d0d08260f3c0486cbe8a
Hentai_Ousama,725a9ccece4fe9bd75cef4c1332851af5f1b90b8
escwire,1afd89ff4d0c507c55d42694f84ecc1cbc9354a8
WWS,566bab615f4c75d591e5ad706ea52278ee3f23f5
nfberm,398ca5cf715201c8c3ebf301ce8f0ed577a3f258
voronoi,597d709fd3b6f39b78578f0536955ae86bc062ca
Cwaku,9272a4a51e28a1bdc384f3346d3f782379d8fcb9
Frankenstein,c92a7827d9c9bd723a3efb1f1078b78a4f3209e5
Biggzby,8674fa450da678a18f337175b329fdbc0ebcf3b8
fred,72481ed49d91ea3f17ff08a3790a2a3f530b5778
yusaymon,ff565d50bae0e0d4f1b3f32a42b88bc0ef97b02f
NIQ,e88cfe8535af121121a4b475eefd13dae4fbc4cc
luca89,eb267b7c0fd91496118adcec9e10fc3e9ae97c7c
kevinkoo,b9542d4f0969ffca0768bffd755fa3c5bba977b3
martiac,680b58a0a5c1b6c1780343a26a6c6b33daca9531
franius,18bd8fd6015eecf3e516ea7547bb87b5644571a2
exhuman,e4200d3abf8ce1a6303528da63c527e2e0a6972b
Erixx,288dc5e4c2b204b20c4d8b8d17889c83c286fe2c
entropyfighter,5a5ae82fce3fd9eb406473fc42dd1112acb6e32d
jsf,37438ee973de2942067b48036c2341a23bd19290
jcj83l5,5b504346be738cd4c378136d03bd0f4cd6f23b83
saxis,d95a49409529b1ee533c9a1166c9c669f21722e6
Bru61,64c913639c3ed8983d8f3da487a3ca530e51e694
MarkH,ce82ceaf7f9df2ddb36ad01a8d1783f26b41f73b
AfricanAngels,a02378ca1c24767ecd776aafec02158a30dc01ac
jreality,fd9c5e971608f1e5d7abe0fca9da11136f34f996
8illy8unny,be8f6309c504d4bca414853f3d853750c39635a8
fuchsiamoth,8c4f71b3cf6a76de2cc239a6fa84e1a80e589598
pedrouid,9b7b2b4f7a391b6f14a81221ae0920a9735b67fb
robbiebent,4a7765c92149884dac1a7a60094efe5670af376a
Alna,ed75db4404527c498e53a326b37c8526469cd693
Sapphire,f833e5f40a9512bc2ba816566abd3e460b27f90f
Freebird1234usa,42d9e42364cada79f7b57e93bcf6d6f23dfa6a86
BeAuTiFaLoNe,2f6c9365f7b6e74fa301425bbc766e549d4f5108
richardbrown,1a50a6238eb67285ccd4df17f75cce430baae2a4
DAVINCI,8508d57f5db50cbf23ad3bad89a478d8d9b0eaf3
Freebird1234u,0bf5ad9ed1eb8521003bf194d62a5c9918b4201c
jeffgdavis,7d42611012fdbe366bf4a0481fc0e1abf15e245a
sss,c361f4200dedd6059f8f343052e3182c5fd15188
Danielxrobin,14a4eb9fd82f17ffd20fd57b864d0b3c5c6be14f
one,eda79dd5117d0b8014ca9909f5326f93629d14c2
StefanoGrilli,689107323fdd0062473b8ccb5cb0fc86705814a1
volotat,b9caafe9a5e01dcde7330ba7add7e6a273f49eac
uhlala,de9f1317f3ab27023f62c4ef94afc2ce0cb15835
RK,e5213d0a7ededd98d06524888b6cbc8624cf7be2
sebdcl,dc19d539369c3da9172de453c05bc503c9ac6bc2
creative_crypto,e74ef81a02219a2646c2d1fb2e45a9a123fd6fac
pet3rpan,865c2f85c9fea1c6ac7f53de07554d68cb92ed88
ninja979,cb9e709a965fab8ebab70fc51281f7d7218d1bf5
sirmark408,6eb9176c7ddb42406584f4827829816fdd0dd9fb
capir,398a20f8a91a7406343e75f4ac1eaad6902d3862
AleSha,b308082a84f0cedabde8f8c019dc28c2140c9822
mpommella,b0bba976737b16aa75e6eb9ad331d5effeca3c8f
grimi_david,b617d27adcdf647fea2c2a42c1140a6e870eabcf
voraxvoracis,9c288e7f4dbd99e5753c4fb4c24cad3d73828ecb
freed,40941f5619974c639fe13fe977fd92805fc10ec3
bluer,830e3a6766c753e041aa5b78e94213972a99d400
BAEART,8f482e5fa7ca33d7734447cbb376df6a525fe750
Gizbo,50082750ea7e1cc28326aa5cdbc9ad47ea49928e
MrSmooth,6a6519c9ddf71c74e57926eeceeefee67e2be687
lionseal,5bc3d5a39a50be2348b9c529f81ae79f00945897
allmond,9a3e204bd2f012122b228fa68bf97539da965d3b
emem,9d79bd745d1506d9b8a732a5e1825369ab383938
kriskabiru,8bb5047103cb24da5b5ea9848daa1b9fa2a9bb66
osinachi,6f1ac601a10f4d41cf1194b02df57f9aa003b362
Flashisio,132f2e5864eda06366ba8c92253d27bfeb0760fb
satoshihood,c14f527956e6f64b54e4a333c8918b715f2218d3
tino,3e24c27f8fdcfc1f3e7e8683d9df0691ace251c6
Fish,9e4dbb611cb9f86b7db66ba6d46fd1f94e138ffe
cesco,d16f195c30780e455ccace7a369fd41cc4ee3bbb
CrizLand,7489d5e9580a4e9d57a627455b0b6342cd80ed45
JASX1,2cf76ecdc873e1a7944da2073a4587be5a00ce84
heiberg,204782f423ed700579ab7b49fad17390e5187588
giuliandrimba,559c195c20ff039043af9926b58e508bc1f43f9b
hansikhouse,42156cd874edd7703c2063cee44dd6da8312c3d5
mischazed,f4b78ec577bae1509b8436b30a29c77c8b31fb3d
glissant,8bf8214c5824fa5cc90b548ff95cf3adf3fcb8bf
kristoffer,ab2a19c49ea7422b2889566b96767b67436f582e
0z,b50256eab69686cd95c41c903eb45e9a614f52ee
kivanov,2aa4884baa32c7d18d641fcd62f956ad2846262f
Michael0x,7a012d10e174bfb42df62c555af43ef4fa90e0b0
me2,b6e3474eadcfaedff613023e3ff4c9b9185e9972
bidesign,9fb6df2b4370c6aa0d8558f8e4ab1f87614fddb9
goocuser,9079319ebf2da451bbf1fbcd8f2b27052483f2f9
onaviuarf,2afdeec893c7526da5e89deaab69a02b38a2dbd2
rick_the_brick,950b82a1be7adabb8abf95f69ca71db7a839c940
chrismaree,b3c5485526f7dbe5b8067de2c59c819937782066
stanfordcs,7992951848ec94911d9c413a9fc53959dab8bc68
JohnnyDollar,dcf3494bd3cb17717f9217942d66b7551df9f273
eurocollector,fe325b95eff8c7b86b7085fc2f446a2ade5b6b6d
nancy,b0f057cb4a5769246f352acb3a8789c6bbc31eb0
Melissa,78decb26f0d5990f8172d2a2b4ba439f56301fe5
artplusbrad,d7e1bc51cd3f30e21b17bab33d77078e3fb7cc26
frame,4df2fa69ef22d59225521e8c03df7efa2b747a1d
Vizarre,dd86ebb079343401585075373036a7ca91722ffc
ciobo,187d6e8741af35c45198ebec83905eb23e742b15
elima,08534afa2bbb0b0a69324339d4dc03b45ad11078
Test,4514690a4e0898c0e3459a9342026b67ce91d8d8
fabiom,01b7413be3b4c255d482d8ed3b39f9a8761b175a
Whoareyou,726b6d9991d74dfb8fc248793473d6853dd85066
Minhchau,fce92d4163aa532aa096de8a3c4fef9f875bc55f
VisualCortex,e64b9a2ccd29c4b815442adb6fec216eb8426c10
Psyklon,092e032017daf68106c621a9365728d1114a0c62
Cronus,01a35017c1475e9c4daa88771ee5bc9ee427c28f
TheOnlyShades,75ee810cdcdd8750457ba6201f063b33cebd0e71
mikedotalmond,44821f92d83c5b6055044ebf3de64574c894854a
Shadi,4ad818a7b5eceea39d42dcd1cd75ecab3bfed6a4
MervJackson,6874f4022ea4b901705f9f22bfe78133906f6d1b
Ambrose,c8a974a97f6a7f57b6ce09aed5905d5547039f11
ghostshoes,66f174184b24b3dafa63c4c716c4fb9d251d598e
Alegria,30602250c5f1fcba5407e99b1dfaab992ea4ffd2
PeteLuis,ba33a858f6e4de619376b663a8369ab296eb42fa
manuelnavarro,8a1fc028ae56c0ab51dbef6496d0a9640c761823
sponnet,a29fd565e9b37b6908da3de41fbee7ed6ec68ea2
HackCollection,f9ea0aa5c9d0c0e0dc350f7f546a4655689ce7bb
EnzoComin,96449046eb9590e67a0b5d32a560054860d03d29
belizard,c204b95d03d36a80e3066788efdd3dbcecbcac9f
Hackatao,21316e6a4f0af45e5f1503984e83b10c53b177d8
vax,18192d19b7eca576bfbbfddb5952d5909db1dd45
SuperRawr,4b17db0dcb32fc0fe00e851b20bbe701c19f17c2
CryptoCollectibles,b79ae52e8553151dca9160253e741131dd518071
Raerock,f4ca533c5b06424e4d8557bfebe6d329e18412f6
Freddie,1264f7d54798c1898611cb07fea0389eea7235d0
Satoshi,f5770bf5832b22cc734db2dfac73ad250e7aa393
voltriph,ced706833461a6f84dd9246212bbe653f72d83f8
Pete,aa800178c6a91af1d3af1b756ec1489bc1cb79fc
Magickian,a8bb2ba63c0c0c02ee3926dd6061a9840dd4bcfc
amador_zuleta,5137c47a57e159fe116af7a5e721e9f325d0e9b9
EthUni,6b5ae35e0f391a2646d41be76b465501f07e186d
Mmilton3,c26c790ea0e83775e0eaea19d899126f1ee43f0d
goran_n,7c77fe23c04ee3cc022c3c11382e71b15e86086b
gabecolors,ef2359a74ec59a696c401dd3a4d808f35dd47628
Aurora,102ba31c397766e266729ceb8bd8c361b6c9d484
kosto,abbda30bf2b9ed3633a56f80694f5c478567f8ca
krenskistoli,5fa9d418d233ab4334a1c0869862c7699cf9f7aa
Clsan7,854865641338fc2e4273d149a08664b5e3237429
rachblondon,ab74207ee35fbe1fb949bdcf676899e9e72ec530
Som2008,5b4b092754963ab700b191c46619786bd7a10a66
SAM,3dca25d72528249a844e64a762cc3bfd12da514e
stevexander,e96a1b303a1eb8d04fb973eb2b291b8d591c8f72
giuseppe,1bb38e9fb572a551b37dcbeae771eca5c02b9bf2
stephanehue,ee424b2ef492107983a1889deffb6b360c99c088
vadim06,1aaa66c2d3ff4222705694b70ba71f2df46489ed
satman,3401ea5a8d91c5e3944962c0148b08ac4a77f153
theblockhash,22cf4e37e5e8b0e2020c152ec13d39e576901c4c
hunter,9cc5426b62801c4838d2e6df149fa048e22c48fd
Babazoo,f19937c50b6710bf90732218f423d29904c6a8ef
Jsm1977,06864151360e19623c5a38080ed27d94697f0d59
liamellul,84e6bd4288650f5fff504c2659916de682aa3c8c
AXL56,c00430a8d897c0339639d919a961fc152c791688
unscarred,ee5fbf0210544a2e771b29a2fe320543bc2fdfb2
cypherchthonic,32c37e7ca38be1f85cd9e85c81ac9b6730f43e3e
alex_shell_temp,e085737450f5f9d9f9e631ca05e4368a28e57588
Sim,75ffbe710b2664ba7fe18d5e44b9193c7caadddf
Chain_Gang,dbf2f44fc8aa83ceb8d4d15df6fa98cdb01f1ead
p0s,cd0c599f1b6709a026978a75e0ca2021446e2ed6
wintermute00,b394f1aa30ba874df3ae6097bf4c2474b2d8f3ac
Makhulu,7cd95caabf53c6f8fee0502cc0e64301019aca7e
QMargo,6c894239eda62ffe61620f5d40847cfb3db7bc32
Apolka,559b49346dff948dd40e15996a624575a372994b
art_lover,f2939a3fda65f0c4803b76125356b9778df2f6df
XavierZeppelin,ca42599469a4b44a27c6da6e22627289c8ca621e
VisaV,381ab9d04970574341917c0523de354e17d28c97
Yell,4e0377b5ae8b2968ea2152b7e7f24692ff9b8f4a
6Mr6Yuk6,dc181cde7f10db2892605c810943d74ba2c52b01
Wolfson,34c1116678b62fd7ca548eea729d60ab1a566b39
sandorsalas,3c558cb7f966e1d16abd720968f9398b2fa2a30e
panoramicold,bd3cf9496c8374e69dcc3f587c5f4af4b57ce7fb
ricburton,1db7332d24ebbdc5f49c34aa6830cb7f46a3647c
jswallez,77b9ea0711c0956582a3ee2b02c07a4f146530dd
aditya0711,20e40b61663cc828a0f5b5c944e37b8a7d53caa6
Flos,b9fc543c9cba9ab4a76a702e25306ae2dd848c2f
angiemoe,384e9f09865cc3ac9109b2edfb33fbc710835962
igi,51084ab0cc2977cb725994db1e6aa6624897a431
birdinc,d4a414e2d8de13b8282a75b53d06fb9292d30ea4
mikep,d73bb74997961e9c333d8cbaf3e10cd1ed428c76
antonshen210,e2277679d90570e0ae9af770a4acd61fa1b46680
ai,ac32f142a29dd12a1e1f2881226a758b1f24e3b3
Adapainter,dcdfdcfe8044a8d373260da3fe45e71a0af5ef77
optictopic,e058560e91d41b70bd3fd651f7e94af107ee4525
PlatinumWrist50,c597a7d26f29f896bfac9f9f6c91dde6517641ed
Cekko,5b0fb6e890f634de3d2e3ff5e84094922d911efc
dave,25ac3b3fb57ca5b027bc0376d92fe981f463db6e
KILLth,16caab5371ae1ff9fb01617769ddeeb52460951e
kiny,3ccf48a14d47549318fd12b587ddf7b2f9883b85
simonepizza,510eddcdb2db4c00ae800462ece81a87aa995b5a
cescoallegrini,82c8e92a90a8d05340bcbd1c8d503837a3131c5e
flashmob96,3bf03010cb0ff616e2a9806efee4920ff67cb651
neekolas86,19e15a9fe6b97f5e01c697a53fe124d9151c96e4
mfkon,098a57b9bcad4f3c5fd0ac877d0e2436ae553a72
authenteq,fe0174255e410defaaf58b06e009e0ebcd74db59
blockchainbrett,1e341aa44c293d95d13d778492d417d1be4e63d5
jackiepeters,8a3a8e6a12b3c89206978c6b1d76b627f519909b
alex_shell_art,de4a7f4a0577cf6011742a41134a7a29c6702ba4
aaab,8cf7c0b019e963a7ee83289c432d96e5a4c703d2
Ucnunes,9977e9f00a4680e525ec8fd98bd949ad525341c6
MLOcollection,e0f228070d8f7b5c25e9375fa70fa418f8dfedf8
iain,76610e6027f7fb69c6db662d9aa11c5fb759de7f
mattmills,324410f0c5d16d4688574b2b00645ea7fdf75d01
Narashi,a789bccc95c505ea22233d7f64cac13f6a5b2192
Msanmiguel16,417ec25479221fa1e18c8733781f3ca029ad2e7e
PORTES,1bc145a6974ba574abee61aac782bfe267a8fe00
afkehaya,123d956563261571569233624fbec7c9fe5a0af2
Ebeylin,1b037167c4b0584ca5ef6534648c38f496757fa5
john,922e09cbb00ca5cacb1d09b38280f09b1e3cab4d
paz,45bd8d4f6b8116cea6b65dbc065b448a4bff761c
Gtgig8,9979f69fdea123754bd5f8089dd839929f87e30a
Stanley,c6e7d67d576afb8ad1a87bb3c053ae5c7f0eb517
Whenmoon,46f87150da452b1ff4c1cf8f18bffb95ba98ee61
Art,fcd7a664733154a945ec4e3d77578fe2b30cec0b
MJardelot,8fe0a652472cde7e11f082742ea63a5dad45cccc
lothendriel,00a540a78fab5d2c16635574388d1128662462f1
shaolinmaculele,9fc2eb7c2dca47f697736d1050dd76eabddc209f
greenwiseart,085f6968857291a29b37cad3ec8ff33f1fe76102
KingBobRoss,592b345b46315ad821dc257330b5a26617e844e5
yash,c385641ed55e24440ef98fb6aaf39b7bb580b114
msaf3,2d90331b87246af3a99dfe2672ebd114d887be71
julius_kuehn,ddf5dcbe702e11b18c54d8d958e4e1b3319408ed
HansBenzin,dd965133ccad001c5bb9068d754841eed9b87fb2
gambleWean,7d6e7e31d4692f3234c3b7859629470f7b66e0ab
exabee,8fda314a52bfe2122c33858c4c885398e525c37d
invarianthawk,a71e6d2843a72f55209f07b37188f1e73cccddba
gichiba,6d758c3a656869bbb9431b6c67e500d24a838959
Felblob,a5abb09c179e155f2e283b6f876614b3d4d1230d
GwennLeCoin,bfd82bd44b3df57b26e29770d0c8f1690f1c49f1
delux,d7fd22a1ad2409232d57e7e3092d9be1aeab6a98
Neopointilist,ee78f45e820506d3abeb9859f56885810966c0dd
softsquatch,0eef93ed05a0e50cc9722d9973fad457ab01c949
Koilll,37b2199f06ce7c100bb2a4c45bfc0bd895bd5c00
ja0911,e60535d4636dd5e48b64c0e2de7771e2a734de52
cardmerchant,135cc6b6d16593b032bfd8a9a027b2a6d04176f7
WGMeets,6e63a4caeccb4f341ee9c9175c9cc554bdb6d10b
yuramiron,c15aa7af05ee4bdd05b475688f912761cfa1df19
Nilpod7,460d8c27d294f8871427a2d7ec33cb28b05cd22e
nerfer,18c06006a904da0c9129f2b429c41fc90f2de4b9
aces88,5537e702bcdd505bcb224b54f0779d71ff3dc42a
TWERK,014eaa8fed2d8e22f1971ba13353d04615a80bbe
taneta,52124cbbbada84b36868ee13a4cd474b440f0720
Alkor1,fab59938f7a5fad36df2c5f10ed985f0467c2ade
picotech,9788e8a2de43664da334c3cf8f69041fe5858470
Jay1919,931c3f04e8db61d4e85d91f936e17873be1cdb34
adron,b53482210a2943b964bcec338e51b680c0261118
Prabuxxx,000b2e3d122d7e0fb9ac7d496e4e3c3931a8c8b7
pbock,60d38778adbbeeac88f741b833cbb9877228eea0
MaxBeta,d4ef3e46ee36a937c245368eb9c873554585b709
blockelangelo,ac27a9c2c243b355d1f967bf16e6f1b8959ddbdc
jbrukh,4090b585c6ba6f8d8cbd76aa805f28069c732ca3
spider,70c4bcc07a2bfc0cff3c7099b4a9e0ebca181c02
Giovanni1085,8dec8927b7ba2d4315726acd4c2672ab9d4dad6d
socpens,0a7fbcbbe1222fdc194f103c98faae1a8a2dbc2d
Murphy,77ffa73cb8788bdf59f577837f28f5988854febf
BichFriz,ff96849027c91884e57ab96cb28ad32978cb0e21
Bazzsaw81,5841c6ee40f4db0c6f4eda3d18dbe27fc098e67b
Remedude,1bd5f9b2a57e3168cdee6e583a2be75b31610eae
Zmoney,597023eb0550cbc8924983a5daaf5445d5d9c9c3
ClayCal303,9a14ed30746097cc342357006e75c764e89a6b67
mp,2ee92c196d63f2313a52c4bb48f427361460636b
rodan,e10824fd1ffb9951215025eb26cda42d2d8d9c4c
linlun2dm,2542dac83b68c0c0f30ec65fe106e03b76775e58
sammyj,696eb0c2a1890cbb661f6fb8769c405f5622ddac
melduARTE,b91e322219f17f365f93da46fe3057d561925d0a
MLIBTY,9eec0b5bd8a48047f0dcc61e98b4b92951480f98
DarkoN,ca032661ee5df330fda3e9e70c646f37369e1cd0
rub3nal3xand3r,10b54d8e8e7ea708e5c71915401261f92e03b376
Bitcollect,9aca21d4c170c80610593640ca3f1afd23a19562
spudart,3e2f375eda04dbf7999c949c2a8d8a84e2479135
ashleykalila,c1be3768163481f40f6e01dfe316a842cd3706d9
cryptoartista,304853db648d38ee7c8f800a8bf71b1da0ffcb5e
JeffGosling,d572c8ff26c80812c449988e6012f6e52f3742ad
Karafunkel,66ddabea6cd1b3e47997dff416b1133e74cb0f97
Henron,b679ec6a99d68a5b964402b71bb1706aadac9901
mobydick,6659c7b450158ed257b85f2473700bfec0ea0806
biruh25,8dd31d8f6a9c7bc1ec2314d9ecb60541f0dd4678
Xakher,2da38fc0334c609df80a96b01145dc9800c8492b
ArtBuyer,8b4319ab0ca769568a050184085dbdab2d124b22
sCribe0911,9354a2192b231c5a42d99d59941a75bb20ec2093
Galaktus,1eecf91b2266607cb3b64ed6588febfaa63a8f0d
alexandravart,2e8884a6ac0181b5d83098ba2ed490038cf903ab
Cryptonati,353609047f15c1efe9279e45d1761f5675932bf2
Soji_S,4abf22a2d2c38866c0db7db5b20a363cf3b8bbb4
DvEp,21995cc4b9ac8489b213f80e9b02d82249b19e33
Hilary,3b535009586c6689cef5a98c6a1e5618ddf1dabf
TableTop,32cd788bc2b01538cabe8bc8976f1d88abbf1f2e
MetaDada,c601a082021513e196ffd358af47e80557d8c0ea
Kinchasa,b2f4b16595e02a9721f97e3e30fb5bbbf73f5f54
cicatriciebaci,9ddae9b61b790e16d4fe92a6ede1339da0f9e7bd
Gallery,37d866f359f1104b67c40861c9f7b411c2287dff
ConnieDigital,74ec638d8e82ab4e7aacac77ef47a49e735ca7dd
petstick,1d6f2f0356b3defadf14b1a0f8a3dcda89367d68
melvin,c078b757ba52e3e4c792d2afde9834569d776801
Mazlo,513fee5e1813f0e44c573216486cd899710b944e
MattiaC,576a655161b5502dcf40602be1f3519a89b71658
Naso,00560873779cecab3ee9d24c5de43a37995e38e9
Gannicus,e48e5ce5dc829345212e542226aeae1f62782656
lGhosthunteRl,ef46bb40e09dd346fef3508a6c13b107abfb6e1d
s,67201cb74b974b43f8083d32e290dca1eacd9382
ttrand,85b5312d18b3e756cfc0579f0ba76e0876b63553
Oliviamunsal805,fcf46d0d433f9c6d281bee6da517d3e15cc05bf4
elDuderino,04f487671975db0581afeb5fcccf500672806015
chiowa,b3a495f6623dad8607f706c40f33c1210647d8b8
SKV,83b73adc0e6d83a528eb4247bfe30253ecfcaf31
Shahu,aa35fb978ad64c5c9d9d244e9318b07e1dc9193b
Ionaapples,10cfd6263d33428b9a87ada54284d6a5dccc1080
SInitiatives,7c639e38befcfd10a6c6c2b8902d5d8375e52e6b
tc8,a6ec7fb4dda80c2c84e0672147dd4e70a671d32f
HenryTriplette,06e1dfa2aa4e7252f750b2369fb9533a6f1167e5
HumOto,963dd89479d876245ed125e85ff175541504f869
bitrocker,1f0147bc4019c5add7ecb7267baac9d85d2470e9
roycemoroch,6426e7b1a621884bc185a46079abd759a1908051
Bonsaihorn,30377714d83f02be07189b321c94d554fcaeb3df
matthewiles,83e5088ad8a728ca6329d385dc706d9353a05dea
richard,1a32ee8ac16a7d5f45a81503fe06cdc665d218b1
Delysid,27f0cba603877f0cc0e2432abd8e58529358d6b9
esco37,974108626da1c3972f57d8d98a7793d3f378d3c7
hseikaly,5ca68bff2190de7d9861e9a3e2726d6e36c946d8
cbustamante,333ec798854756a9f1984695e3701b625485484e
maribgirl,8260977bb6bab9dc867d5f274a1f3f8dcd6c608e
jsonsivar,d1e1bf39bb562533d22a88d31e0acd822e1c9414
CryptoKen,a9f153d96fd06fac8b76759f42ea2f6174ce4e0c
DamionDarko,37a4c6392c07d7228224c4e10d20aacd84496f49
daveweinberg,8408233d31b360793e95b9ec312eb25221e24ebb
manley,e377c60f052f37703358b7f3bc6ea79aef5554f5
OSIRIS,2e0b873d26f6d90f347757ed0d041bc65e02a89f
RobEberle,98f23c866a232cdfff76c3483acafa7a49d96478
jakeart,d79b812c8570508c04faba959e5fbb19230a6de2
red,674a378f73bef19dd70643fb3e4ab47d69a9b475
EggySpaghetti,e3c6a5eda66c812417d698d957389e129ced66f5
demythz,035e8a0a57f24fd10d447c6ce44524513dd6e09c
Zonpower,04b7dbd17a817d22ebd9b35a9a210d8e6e59a7ce
MomusCollection,e25c73435702fed11e9c5584ce6efe7cbff71739
spaceprite,39a91406fcd6c475442f68a850b6242335b935c9
arjitkp,262ebd05a3869a92faf0383e7cba3621278f6c39
rigofabrizio,7574e18d706e9123bba0ecae6087c5391be1593b
zachkrasner,6363e6d075ccd5e313e46314d9243b05e81c0d42
m,54c4849e1d25da384b8b30bc2fa9e03267d317f6
b,8c450ced6bb34d768ecc821da66dec4c213fe303
Bitkid,b7f6fc2745e66a1f75a6deb50b9f9dbf816cfdda
Snowmaster,6c8d601ce9850d6fa2179f8e65cc3ab63b5a5762
anaduje,5f91a6795537bb179b6cce3e9032e5f861308460
MrKitty871,9b28d9483d8c41305392592665b5478e21d5a4fe
stewjw,0f2648febd927b36fe65c31419dddeed9c608fb1
harshit,d18b83a98b66563c00caa10ec1de36b63b804a6b
MonkeyButlerDesigns,6665b94bf041b76bb7ebdd3094aa1af69ca6d6c0
majormeowmeow,bded034b01a1176cf6ec0927ea59e23cb68c3ad3
brokenskull,8ee8bec88c2e2b6d1c464f856f90ea9ea5dba947
LoveArtHate,cd815dd7ebfd7eb46fc2858f040296b654cd6b81
nikafri,81d5b5db092637119099701575925da207ff3a20
Cr8_Alt_Del,346270b749a111f5aa5cf2ffabb3f5e146ddb883
x_melanie,6092e258e9b92a91efc72cff718b7f4c084a6553
bits,4906e4f95ad546ce865916f65c825e00630bffa8
pumpkingwok,4b3897e40749587ffbfb2732008d026db2c8d588
mr_monk,87085d8d22d688e7ac9da3384127169f83e059e6
aseoconnor,4e8455a139cc6ded3019b72da359af6a16f7250d
talbatz,efe1890be2aadadf74fe3eae72904bd2fc926a63
cfafa,0628ce9d2fb596f0f1081155b3755adfecea22c3
Barabeke,0804f1be8bbbf75ff17dcf9aef7c505c321b7303
Xelda45,5c49575f85e3dc5171e83a05375770648ade3a2d
JacquesStefano,88d5496e0b4aafdedbb6e7fd18e42bdd0843fc98
XeroWolf,7a461256eec021939564ea84ca9eda995bac6938
64,adbc69b07b839ca353177b5a22013b30624d2dc5
cjb_photography,e38e6e7b9fede16b5bb1fc2fb6e6ce477d3da606
CRYPTO101,e6e0514937c8398e029c2e6dde6dabb4f3c6397a
Artforcrypto,6a7e35fe807dd2c00df3a915edaff42896005da1
Hantuduit,a36591b7d935f1406bd0dd161f12db2365d9a3bd
ChopWoodCarryWater,f8fd3214ccf9124d244d291576d9f6eca290e4b3
bergleeuw,52af787439a82f36d6ef6b0da0f0e5ecce29ff90
aphexyuri,e8d9ad4bfcd008cd7c2cad26c0f13b2bfcf5d588
2ndSon,455040537f96a839de154171d6d357cab3d7a753
moonwhale,1f13bc8f2262d8778ffafbbf1f855bb1eb4aa7a6
Nvllsekt,73dababdeddf0a3cdf7175c188ee622c5917c7e0
shmakoff,0ad9fb61a07bac25625382b63693644497f1b204
Hendra,b103bf435a616d918416a9d7230c517d93598c59
halkho,e92d23b8da7c6db207e239d2735acad3f811bcd7
xbsbln,f07c5bb9fe225b1a85fe805614d3e4c9b33edcf3
MikeBoxSwap,a6518bee322af13ba71c471b3527416ed08ad2a4
Ezincrypto,985c0a74b9783022e4ad5c75279d2acab9dae96d
webcite,11a451cc1f0c508bbfe454116c1f38dc25169bb1
Alfunky,4251c7607830e07abfba749b36afa19688523642
maybe_later,879f5377437183ff49b789edaa6f0a5d42cb311d
alrashel,20217efda15542b58b3d6503108ac151f8875698
Lijopa,05dc48298506573f47e130bf8038fd25f9e92d95
viktorijafineart,e388ec519e7ca708cb6ee07431f5d51335cbdaf2
dArt,c3c3dee1967cbcb981d2280a66595f529e77eca2
Elbeau,32ccaf20c89e76cb3f0e35276532fc4e9976fd10
mijoco,ab1129ad844cf2d039d8d1c82c42086953ac6abd
Jonas,46059696e2b12b594c22dccac2b85e94cffb9d4d
thesarahshow,cf0949bf6d2adf8032260fd08039c879cf71c128
b0ss,0ea960f506eab717cd7fbfc18ac02799d92f853c
kozmos241,42327a038027f4776a653f12aa64a23d274ab993
AnaelleLTD,2c89c3660a985ccdebf7e63f5f0f8b83e54cd49d
KhuWolfgang,a5edc6d9b025ca6087a7b37ffcb6cac67e394ecb
Blacksheeparies,9549c77f7b5067ecb9fd71cceb071807d850e835
YTN1112,f7b73d3e19f9642a33116cf0aa004e4627da1567
nerf,eb5dd2f95f428fbb1d311a6db3efa18247297f6d
Dominustheus,20e5ebeb8cd830d7b402d04df16ba9af1cac5440
Chuckyotaku,1eb8f47ce42b2b7ce75a34c14944225c4e2dd432
307k,8540f74e41cdb6a730708e75a00e3c1244ea816f
Kweku,3cb8b1250c6a23dfa287fec8d5f96455b56b3e43
peeGLOW,37b0e438a14a4f6d7d54d52c7c3017921c25eb4f
127kgs,4d73046393c255fd09bc70039e6e0da3db8c9233
ByteLong,283fc9cb38e6b2a736a7f1567c7af24cb74c9fc9
